RUN,Protein,LogIntensities,originalRUN,GROUP,SUBJECT,TotalGroupMeasurements,NumMeasuredFeature,MissingPercentage,more50missing,NumImputedFeature
1,A0A087S9L8,18.2647014154059,III_3_01,III_3,1,12,2,0,FALSE,0
2,A0A087S9L8,18.0287090155948,III_3_02,III_3,2,12,2,0,FALSE,0
3,A0A087S9L8,18.083474669302,III_3_03,III_3,3,12,2,0,FALSE,0
4,A0A087S9L8,18.1180869228931,III_3_04,III_3,4,12,2,0,FALSE,0
5,A0A087S9L8,18.125821559688,III_3_05,III_3,5,12,2,0,FALSE,0
6,A0A087S9L8,18.0236217268667,III_3_06,III_3,6,12,2,0,FALSE,0
7,A0A087S9L8,19.1349205399743,I_3_01,I_3,1,12,2,0,FALSE,0
8,A0A087S9L8,18.3101791178509,I_3_02,I_3,2,12,1,0.5,TRUE,1
9,A0A087S9L8,18.4164446666764,I_3_03,I_3,3,12,1,0.5,TRUE,1
10,A0A087S9L8,18.5643253165757,I_3_04,I_3,4,12,2,0,FALSE,0
11,A0A087S9L8,18.6453828911701,I_3_05,I_3,5,12,2,0,FALSE,0
12,A0A087S9L8,18.3955534453343,I_3_06,I_3,6,12,2,0,FALSE,0
14,A0A087S9L8,18.3323052713766,LZ5_02,LZ5,2,10,1,0.5,TRUE,1
15,A0A087S9L8,17.9813343432149,LZ5_04,LZ5,4,10,1,0.5,TRUE,1
16,A0A087S9L8,17.8082295003085,LZ5_05,LZ5,5,10,1,0.5,TRUE,1
1,A0A087S9N3;E1ZCL3,17.3950246647722,III_3_01,III_3,1,12,1,0.5,TRUE,1
2,A0A087S9N3;E1ZCL3,17.6059449240055,III_3_02,III_3,2,12,1,0.5,TRUE,1
3,A0A087S9N3;E1ZCL3,16.5674903316672,III_3_03,III_3,3,12,1,0.5,TRUE,1
4,A0A087S9N3;E1ZCL3,17.6420278577275,III_3_04,III_3,4,12,2,0,FALSE,0
5,A0A087S9N3;E1ZCL3,17.4707596079831,III_3_05,III_3,5,12,1,0.5,TRUE,1
6,A0A087S9N3;E1ZCL3,17.7869582610963,III_3_06,III_3,6,12,2,0,FALSE,0
7,A0A087S9N3;E1ZCL3,17.1955800928741,I_3_01,I_3,1,12,1,0.5,TRUE,1
8,A0A087S9N3;E1ZCL3,16.5991252280981,I_3_02,I_3,2,12,1,0.5,TRUE,1
9,A0A087S9N3;E1ZCL3,16.3553805535539,I_3_03,I_3,3,12,1,0.5,TRUE,1
10,A0A087S9N3;E1ZCL3,17.8681127235198,I_3_04,I_3,4,12,1,0.5,TRUE,1
11,A0A087S9N3;E1ZCL3,17.0047499585206,I_3_05,I_3,5,12,1,0.5,TRUE,1
12,A0A087S9N3;E1ZCL3,17.5476123765027,I_3_06,I_3,6,12,1,0.5,TRUE,1
13,A0A087S9N3;E1ZCL3,18.0578268530133,LZ5_01,LZ5,1,10,2,0,FALSE,0
14,A0A087S9N3;E1ZCL3,17.3762523870546,LZ5_02,LZ5,2,10,2,0,FALSE,0
15,A0A087S9N3;E1ZCL3,17.5482788521643,LZ5_04,LZ5,4,10,1,0.5,TRUE,1
16,A0A087S9N3;E1ZCL3,18.1431043314291,LZ5_05,LZ5,5,10,2,0,FALSE,0
17,A0A087S9N3;E1ZCL3,18.1901728253912,LZ5_06,LZ5,6,10,1,0.5,TRUE,1
1,A0A087S9W3;E1ZGZ4;E1ZFV0;A0A087S9X0,16.6774123937851,III_3_01,III_3,1,18,3,0,FALSE,0
2,A0A087S9W3;E1ZGZ4;E1ZFV0;A0A087S9X0,16.5907242037329,III_3_02,III_3,2,18,3,0,FALSE,0
3,A0A087S9W3;E1ZGZ4;E1ZFV0;A0A087S9X0,16.9519786428736,III_3_03,III_3,3,18,2,0.333333333333333,FALSE,1
4,A0A087S9W3;E1ZGZ4;E1ZFV0;A0A087S9X0,16.3640756342594,III_3_04,III_3,4,18,3,0,FALSE,0
5,A0A087S9W3;E1ZGZ4;E1ZFV0;A0A087S9X0,15.9031976189876,III_3_05,III_3,5,18,3,0,FALSE,0
6,A0A087S9W3;E1ZGZ4;E1ZFV0;A0A087S9X0,16.3478762477108,III_3_06,III_3,6,18,2,0.333333333333333,FALSE,1
7,A0A087S9W3;E1ZGZ4;E1ZFV0;A0A087S9X0,15.741719751875,I_3_01,I_3,1,18,2,0.333333333333333,FALSE,1
8,A0A087S9W3;E1ZGZ4;E1ZFV0;A0A087S9X0,15.7528087386786,I_3_02,I_3,2,18,2,0.333333333333333,FALSE,1
9,A0A087S9W3;E1ZGZ4;E1ZFV0;A0A087S9X0,15.3568449921019,I_3_03,I_3,3,18,2,0.333333333333333,FALSE,1
10,A0A087S9W3;E1ZGZ4;E1ZFV0;A0A087S9X0,15.355070800804,I_3_04,I_3,4,18,2,0.333333333333333,FALSE,1
11,A0A087S9W3;E1ZGZ4;E1ZFV0;A0A087S9X0,14.994526693128,I_3_05,I_3,5,18,1,0.666666666666667,TRUE,2
12,A0A087S9W3;E1ZGZ4;E1ZFV0;A0A087S9X0,15.250088725852,I_3_06,I_3,6,18,1,0.666666666666667,TRUE,2
13,A0A087S9W3;E1ZGZ4;E1ZFV0;A0A087S9X0,15.3265683016347,LZ5_01,LZ5,1,15,1,0.666666666666667,TRUE,2
15,A0A087S9W3;E1ZGZ4;E1ZFV0;A0A087S9X0,15.8045075074042,LZ5_04,LZ5,4,15,1,0.666666666666667,TRUE,2
1,A0A087SBA5,17.7941819847407,III_3_01,III_3,1,12,2,0,FALSE,0
2,A0A087SBA5,18.025708139076,III_3_02,III_3,2,12,2,0,FALSE,0
3,A0A087SBA5,17.4560399519472,III_3_03,III_3,3,12,2,0,FALSE,0
4,A0A087SBA5,17.5731314168597,III_3_04,III_3,4,12,2,0,FALSE,0
5,A0A087SBA5,18.031337610905,III_3_05,III_3,5,12,2,0,FALSE,0
6,A0A087SBA5,17.9127833796491,III_3_06,III_3,6,12,2,0,FALSE,0
7,A0A087SBA5,17.9643920108623,I_3_01,I_3,1,12,2,0,FALSE,0
8,A0A087SBA5,19.0058826616323,I_3_02,I_3,2,12,2,0,FALSE,0
9,A0A087SBA5,18.51094572947,I_3_03,I_3,3,12,2,0,FALSE,0
10,A0A087SBA5,17.9657263297529,I_3_04,I_3,4,12,2,0,FALSE,0
11,A0A087SBA5,17.941636832324,I_3_05,I_3,5,12,2,0,FALSE,0
12,A0A087SBA5,18.1804657126171,I_3_06,I_3,6,12,2,0,FALSE,0
13,A0A087SBA5,17.7222714334753,LZ5_01,LZ5,1,10,2,0,FALSE,0
14,A0A087SBA5,17.9444726395588,LZ5_02,LZ5,2,10,2,0,FALSE,0
15,A0A087SBA5,17.693610855423,LZ5_04,LZ5,4,10,2,0,FALSE,0
16,A0A087SBA5,17.8609663997225,LZ5_05,LZ5,5,10,2,0,FALSE,0
17,A0A087SBA5,17.868491449025,LZ5_06,LZ5,6,10,2,0,FALSE,0
1,A0A087SBN0,18.0539319952556,III_3_01,III_3,1,42,5,0.285714285714286,FALSE,2
2,A0A087SBN0,18.1400192796707,III_3_02,III_3,2,42,5,0.285714285714286,FALSE,2
3,A0A087SBN0,17.6176881900582,III_3_03,III_3,3,42,3,0.571428571428571,TRUE,4
4,A0A087SBN0,17.8897142613796,III_3_04,III_3,4,42,4,0.428571428571429,FALSE,3
5,A0A087SBN0,18.1785275806283,III_3_05,III_3,5,42,5,0.285714285714286,FALSE,2
6,A0A087SBN0,17.6619280669793,III_3_06,III_3,6,42,4,0.428571428571429,FALSE,3
7,A0A087SBN0,17.6759499146974,I_3_01,I_3,1,42,4,0.428571428571429,FALSE,3
8,A0A087SBN0,17.6981273583196,I_3_02,I_3,2,42,4,0.428571428571429,FALSE,3
9,A0A087SBN0,17.4736668561697,I_3_03,I_3,3,42,4,0.428571428571429,FALSE,3
10,A0A087SBN0,17.7123210879197,I_3_04,I_3,4,42,4,0.428571428571429,FALSE,3
11,A0A087SBN0,17.4783907526889,I_3_05,I_3,5,42,3,0.571428571428571,TRUE,4
12,A0A087SBN0,17.5124365182972,I_3_06,I_3,6,42,3,0.571428571428571,TRUE,4
13,A0A087SBN0,16.6955505901322,LZ5_01,LZ5,1,35,2,0.714285714285714,TRUE,5
14,A0A087SBN0,17.3082115158753,LZ5_02,LZ5,2,35,2,0.714285714285714,TRUE,5
15,A0A087SBN0,17.0723145425176,LZ5_04,LZ5,4,35,2,0.714285714285714,TRUE,5
16,A0A087SBN0,17.36918463636,LZ5_05,LZ5,5,35,2,0.714285714285714,TRUE,5
17,A0A087SBN0,16.7322240931778,LZ5_06,LZ5,6,35,2,0.714285714285714,TRUE,5
1,A0A087SBQ6;E1ZKK0,17.4831517628263,III_3_01,III_3,1,24,2,0.5,TRUE,2
2,A0A087SBQ6;E1ZKK0,17.2929464709585,III_3_02,III_3,2,24,2,0.5,TRUE,2
3,A0A087SBQ6;E1ZKK0,17.3320063803063,III_3_03,III_3,3,24,2,0.5,TRUE,2
4,A0A087SBQ6;E1ZKK0,17.1069333302977,III_3_04,III_3,4,24,2,0.5,TRUE,2
5,A0A087SBQ6;E1ZKK0,17.2034413301189,III_3_05,III_3,5,24,2,0.5,TRUE,2
6,A0A087SBQ6;E1ZKK0,17.0521303973721,III_3_06,III_3,6,24,2,0.5,TRUE,2
7,A0A087SBQ6;E1ZKK0,17.4357298857786,I_3_01,I_3,1,24,2,0.5,TRUE,2
8,A0A087SBQ6;E1ZKK0,17.5571088073903,I_3_02,I_3,2,24,2,0.5,TRUE,2
9,A0A087SBQ6;E1ZKK0,17.5672078207317,I_3_03,I_3,3,24,2,0.5,TRUE,2
10,A0A087SBQ6;E1ZKK0,16.9832123535521,I_3_04,I_3,4,24,1,0.75,TRUE,3
11,A0A087SBQ6;E1ZKK0,16.9836273843059,I_3_05,I_3,5,24,1,0.75,TRUE,3
12,A0A087SBQ6;E1ZKK0,16.7937609933338,I_3_06,I_3,6,24,1,0.75,TRUE,3
13,A0A087SBQ6;E1ZKK0,17.6231737382505,LZ5_01,LZ5,1,20,2,0.5,TRUE,2
14,A0A087SBQ6;E1ZKK0,17.4733274587763,LZ5_02,LZ5,2,20,2,0.5,TRUE,2
15,A0A087SBQ6;E1ZKK0,17.3645137495589,LZ5_04,LZ5,4,20,2,0.5,TRUE,2
16,A0A087SBQ6;E1ZKK0,17.3440304208937,LZ5_05,LZ5,5,20,2,0.5,TRUE,2
17,A0A087SBQ6;E1ZKK0,17.0116575829437,LZ5_06,LZ5,6,20,1,0.75,TRUE,3
7,A0A087SBU8,16.8048164341263,I_3_01,I_3,1,24,1,0.75,TRUE,3
8,A0A087SBU8,17.2018815947623,I_3_02,I_3,2,24,1,0.75,TRUE,3
9,A0A087SBU8,17.157841280876,I_3_03,I_3,3,24,1,0.75,TRUE,3
10,A0A087SBU8,17.8219741515416,I_3_04,I_3,4,24,1,0.75,TRUE,3
11,A0A087SBU8,16.7018097832973,I_3_05,I_3,5,24,1,0.75,TRUE,3
12,A0A087SBU8,17.486579566828,I_3_06,I_3,6,24,1,0.75,TRUE,3
13,A0A087SBU8,18.5680133604059,LZ5_01,LZ5,1,20,3,0.25,FALSE,1
14,A0A087SBU8,18.4342622146099,LZ5_02,LZ5,2,20,3,0.25,FALSE,1
15,A0A087SBU8,19.1073107537382,LZ5_04,LZ5,4,20,4,0,FALSE,0
16,A0A087SBU8,18.9754268727261,LZ5_05,LZ5,5,20,4,0,FALSE,0
17,A0A087SBU8,18.9332620955472,LZ5_06,LZ5,6,20,4,0,FALSE,0
1,A0A087SCT6;E1ZKH5,16.7459197423509,III_3_01,III_3,1,18,1,0.666666666666667,TRUE,2
2,A0A087SCT6;E1ZKH5,17.0813035168303,III_3_02,III_3,2,18,1,0.666666666666667,TRUE,2
3,A0A087SCT6;E1ZKH5,16.8541789529331,III_3_03,III_3,3,18,1,0.666666666666667,TRUE,2
4,A0A087SCT6;E1ZKH5,17.0736394306664,III_3_04,III_3,4,18,1,0.666666666666667,TRUE,2
5,A0A087SCT6;E1ZKH5,16.8130247911275,III_3_05,III_3,5,18,1,0.666666666666667,TRUE,2
6,A0A087SCT6;E1ZKH5,16.8740358819081,III_3_06,III_3,6,18,1,0.666666666666667,TRUE,2
7,A0A087SCT6;E1ZKH5,17.6811170540154,I_3_01,I_3,1,18,2,0.333333333333333,FALSE,1
8,A0A087SCT6;E1ZKH5,17.3172918725934,I_3_02,I_3,2,18,2,0.333333333333333,FALSE,1
9,A0A087SCT6;E1ZKH5,17.7336559882233,I_3_03,I_3,3,18,2,0.333333333333333,FALSE,1
10,A0A087SCT6;E1ZKH5,17.4416909016477,I_3_04,I_3,4,18,2,0.333333333333333,FALSE,1
11,A0A087SCT6;E1ZKH5,17.7369387764695,I_3_05,I_3,5,18,2,0.333333333333333,FALSE,1
12,A0A087SCT6;E1ZKH5,16.9343618176387,I_3_06,I_3,6,18,1,0.666666666666667,TRUE,2
13,A0A087SCT6;E1ZKH5,16.7203455565359,LZ5_01,LZ5,1,15,1,0.666666666666667,TRUE,2
17,A0A087SCT6;E1ZKH5,17.1156789758016,LZ5_06,LZ5,6,15,1,0.666666666666667,TRUE,2
5,A0A087SDB1,17.0704030447559,III_3_05,III_3,5,12,1,0.5,TRUE,1
7,A0A087SDB1,15.2727074586546,I_3_01,I_3,1,12,1,0.5,TRUE,1
8,A0A087SDB1,17.2266816465792,I_3_02,I_3,2,12,2,0,FALSE,0
9,A0A087SDB1,15.8889582924195,I_3_03,I_3,3,12,1,0.5,TRUE,1
10,A0A087SDB1,16.4485925057616,I_3_04,I_3,4,12,1,0.5,TRUE,1
11,A0A087SDB1,16.7970707691875,I_3_05,I_3,5,12,2,0,FALSE,0
12,A0A087SDB1,16.7977919371078,I_3_06,I_3,6,12,2,0,FALSE,0
13,A0A087SDB1,17.3094931832801,LZ5_01,LZ5,1,10,2,0,FALSE,0
14,A0A087SDB1,16.1820301567751,LZ5_02,LZ5,2,10,1,0.5,TRUE,1
15,A0A087SDB1,16.7100195605236,LZ5_04,LZ5,4,10,1,0.5,TRUE,1
17,A0A087SDB1,16.981159709315,LZ5_06,LZ5,6,10,1,0.5,TRUE,1
1,A0A087SE71;E1Z696,16.5546441669515,III_3_01,III_3,1,18,1,0.666666666666667,TRUE,2
2,A0A087SE71;E1Z696,16.2305968157717,III_3_02,III_3,2,18,1,0.666666666666667,TRUE,2
4,A0A087SE71;E1Z696,16.5080808215266,III_3_04,III_3,4,18,1,0.666666666666667,TRUE,2
5,A0A087SE71;E1Z696,16.5632803939884,III_3_05,III_3,5,18,1,0.666666666666667,TRUE,2
6,A0A087SE71;E1Z696,15.4960288707177,III_3_06,III_3,6,18,1,0.666666666666667,TRUE,2
7,A0A087SE71;E1Z696,17.9227564187025,I_3_01,I_3,1,18,3,0,FALSE,0
8,A0A087SE71;E1Z696,17.4256037371106,I_3_02,I_3,2,18,3,0,FALSE,0
9,A0A087SE71;E1Z696,17.6168288297721,I_3_03,I_3,3,18,3,0,FALSE,0
10,A0A087SE71;E1Z696,17.3436316321579,I_3_04,I_3,4,18,3,0,FALSE,0
11,A0A087SE71;E1Z696,17.7114212168682,I_3_05,I_3,5,18,3,0,FALSE,0
12,A0A087SE71;E1Z696,16.7565683623594,I_3_06,I_3,6,18,3,0,FALSE,0
13,A0A087SE71;E1Z696,17.4425965196751,LZ5_01,LZ5,1,15,2,0.333333333333333,FALSE,1
14,A0A087SE71;E1Z696,17.6392401404413,LZ5_02,LZ5,2,15,2,0.333333333333333,FALSE,1
15,A0A087SE71;E1Z696,16.7780042626388,LZ5_04,LZ5,4,15,1,0.666666666666667,TRUE,2
16,A0A087SE71;E1Z696,16.7005269831998,LZ5_05,LZ5,5,15,1,0.666666666666667,TRUE,2
17,A0A087SE71;E1Z696,16.8795757960257,LZ5_06,LZ5,6,15,1,0.666666666666667,TRUE,2
1,A0A087SF19;E1ZSI5,15.5485660630834,III_3_01,III_3,1,24,1,0.75,TRUE,3
2,A0A087SF19;E1ZSI5,15.7912541808284,III_3_02,III_3,2,24,2,0.5,TRUE,2
3,A0A087SF19;E1ZSI5,15.5896743302252,III_3_03,III_3,3,24,1,0.75,TRUE,3
4,A0A087SF19;E1ZSI5,15.6577923379671,III_3_04,III_3,4,24,1,0.75,TRUE,3
5,A0A087SF19;E1ZSI5,15.4009429096301,III_3_05,III_3,5,24,1,0.75,TRUE,3
7,A0A087SF19;E1ZSI5,16.2949041174181,I_3_01,I_3,1,24,3,0.25,FALSE,1
8,A0A087SF19;E1ZSI5,15.9025787957731,I_3_02,I_3,2,24,3,0.25,FALSE,1
9,A0A087SF19;E1ZSI5,16.568312749597,I_3_03,I_3,3,24,3,0.25,FALSE,1
10,A0A087SF19;E1ZSI5,16.2587928241791,I_3_04,I_3,4,24,2,0.5,TRUE,2
11,A0A087SF19;E1ZSI5,16.5236917303623,I_3_05,I_3,5,24,3,0.25,FALSE,1
12,A0A087SF19;E1ZSI5,15.442643395847,I_3_06,I_3,6,24,1,0.75,TRUE,3
13,A0A087SF19;E1ZSI5,17.3405128895927,LZ5_01,LZ5,1,20,4,0,FALSE,0
14,A0A087SF19;E1ZSI5,17.4102654904338,LZ5_02,LZ5,2,20,4,0,FALSE,0
15,A0A087SF19;E1ZSI5,17.1857646993483,LZ5_04,LZ5,4,20,4,0,FALSE,0
16,A0A087SF19;E1ZSI5,17.4531240970473,LZ5_05,LZ5,5,20,4,0,FALSE,0
17,A0A087SF19;E1ZSI5,16.9738091917928,LZ5_06,LZ5,6,20,3,0.25,FALSE,1
2,A0A087SF30,15.799955942358,III_3_02,III_3,2,18,1,0.666666666666667,TRUE,2
4,A0A087SF30,15.5109743696777,III_3_04,III_3,4,18,1,0.666666666666667,TRUE,2
5,A0A087SF30,15.3681679832668,III_3_05,III_3,5,18,1,0.666666666666667,TRUE,2
7,A0A087SF30,16.73029764017,I_3_01,I_3,1,18,3,0,FALSE,0
8,A0A087SF30,16.5553184297755,I_3_02,I_3,2,18,2,0.333333333333333,FALSE,1
9,A0A087SF30,17.1005455039265,I_3_03,I_3,3,18,2,0.333333333333333,FALSE,1
10,A0A087SF30,15.9059153593468,I_3_04,I_3,4,18,1,0.666666666666667,TRUE,2
11,A0A087SF30,16.6897129639958,I_3_05,I_3,5,18,3,0,FALSE,0
12,A0A087SF30,16.2444133065145,I_3_06,I_3,6,18,2,0.333333333333333,FALSE,1
13,A0A087SF30,16.7909904232661,LZ5_01,LZ5,1,15,2,0.333333333333333,FALSE,1
14,A0A087SF30,16.6924781942311,LZ5_02,LZ5,2,15,2,0.333333333333333,FALSE,1
15,A0A087SF30,16.6050692565551,LZ5_04,LZ5,4,15,2,0.333333333333333,FALSE,1
16,A0A087SF30,17.1449202258603,LZ5_05,LZ5,5,15,2,0.333333333333333,FALSE,1
17,A0A087SF30,15.5540862318562,LZ5_06,LZ5,6,15,1,0.666666666666667,TRUE,2
13,A0A087SF75,18.5806218357005,LZ5_01,LZ5,1,10,2,0,FALSE,0
14,A0A087SF75,17.8111634142118,LZ5_02,LZ5,2,10,2,0,FALSE,0
15,A0A087SF75,17.1995654695279,LZ5_04,LZ5,4,10,1,0.5,TRUE,1
16,A0A087SF75,17.3928242647169,LZ5_05,LZ5,5,10,1,0.5,TRUE,1
17,A0A087SF75,17.7562840392579,LZ5_06,LZ5,6,10,2,0,FALSE,0
1,A0A087SFG0,19.0145435965819,III_3_01,III_3,1,18,3,0,FALSE,0
2,A0A087SFG0,18.4668737018193,III_3_02,III_3,2,18,3,0,FALSE,0
3,A0A087SFG0,18.0602627754243,III_3_03,III_3,3,18,2,0.333333333333333,FALSE,1
4,A0A087SFG0,18.3086302537269,III_3_04,III_3,4,18,3,0,FALSE,0
5,A0A087SFG0,18.6905734811257,III_3_05,III_3,5,18,3,0,FALSE,0
6,A0A087SFG0,18.8098748970859,III_3_06,III_3,6,18,3,0,FALSE,0
7,A0A087SFG0,17.4518477791491,I_3_01,I_3,1,18,2,0.333333333333333,FALSE,1
8,A0A087SFG0,18.1360265233188,I_3_02,I_3,2,18,2,0.333333333333333,FALSE,1
9,A0A087SFG0,17.970711844924,I_3_03,I_3,3,18,3,0,FALSE,0
10,A0A087SFG0,17.7460451281512,I_3_04,I_3,4,18,3,0,FALSE,0
11,A0A087SFG0,17.6776836525291,I_3_05,I_3,5,18,1,0.666666666666667,TRUE,2
12,A0A087SFG0,17.9897349908301,I_3_06,I_3,6,18,2,0.333333333333333,FALSE,1
13,A0A087SFG0,17.2068452798273,LZ5_01,LZ5,1,15,1,0.666666666666667,TRUE,2
14,A0A087SFG0,17.2227670359822,LZ5_02,LZ5,2,15,1,0.666666666666667,TRUE,2
15,A0A087SFG0,17.2707054274605,LZ5_04,LZ5,4,15,1,0.666666666666667,TRUE,2
16,A0A087SFG0,17.1447428941768,LZ5_05,LZ5,5,15,1,0.666666666666667,TRUE,2
17,A0A087SFG0,17.2897300936465,LZ5_06,LZ5,6,15,1,0.666666666666667,TRUE,2
1,A0A087SG29;E1ZJE0;E1Z520,16.7951154977065,III_3_01,III_3,1,18,1,0.666666666666667,TRUE,2
2,A0A087SG29;E1ZJE0;E1Z520,16.2359029685957,III_3_02,III_3,2,18,1,0.666666666666667,TRUE,2
3,A0A087SG29;E1ZJE0;E1Z520,16.4816079109937,III_3_03,III_3,3,18,1,0.666666666666667,TRUE,2
4,A0A087SG29;E1ZJE0;E1Z520,16.096898586695,III_3_04,III_3,4,18,1,0.666666666666667,TRUE,2
5,A0A087SG29;E1ZJE0;E1Z520,16.4941673800331,III_3_05,III_3,5,18,1,0.666666666666667,TRUE,2
6,A0A087SG29;E1ZJE0;E1Z520,16.2496207666201,III_3_06,III_3,6,18,1,0.666666666666667,TRUE,2
7,A0A087SG29;E1ZJE0;E1Z520,17.3485370186295,I_3_01,I_3,1,18,3,0,FALSE,0
8,A0A087SG29;E1ZJE0;E1Z520,17.2433555565057,I_3_02,I_3,2,18,2,0.333333333333333,FALSE,1
9,A0A087SG29;E1ZJE0;E1Z520,17.189053733956,I_3_03,I_3,3,18,2,0.333333333333333,FALSE,1
10,A0A087SG29;E1ZJE0;E1Z520,17.0601867083628,I_3_04,I_3,4,18,2,0.333333333333333,FALSE,1
11,A0A087SG29;E1ZJE0;E1Z520,17.2385329289123,I_3_05,I_3,5,18,2,0.333333333333333,FALSE,1
12,A0A087SG29;E1ZJE0;E1Z520,17.0979415068541,I_3_06,I_3,6,18,2,0.333333333333333,FALSE,1
13,A0A087SG29;E1ZJE0;E1Z520,16.8187394279842,LZ5_01,LZ5,1,15,2,0.333333333333333,FALSE,1
14,A0A087SG29;E1ZJE0;E1Z520,16.382016319986,LZ5_02,LZ5,2,15,1,0.666666666666667,TRUE,2
15,A0A087SG29;E1ZJE0;E1Z520,16.5118362277085,LZ5_04,LZ5,4,15,1,0.666666666666667,TRUE,2
16,A0A087SG29;E1ZJE0;E1Z520,16.5040190074536,LZ5_05,LZ5,5,15,1,0.666666666666667,TRUE,2
17,A0A087SG29;E1ZJE0;E1Z520,16.8066833816051,LZ5_06,LZ5,6,15,2,0.333333333333333,FALSE,1
1,A0A087SG86,18.2492586734588,III_3_01,III_3,1,12,2,0,FALSE,0
2,A0A087SG86,17.8894933906765,III_3_02,III_3,2,12,1,0.5,TRUE,1
3,A0A087SG86,17.5901319016827,III_3_03,III_3,3,12,2,0,FALSE,0
4,A0A087SG86,18.0838997623852,III_3_04,III_3,4,12,2,0,FALSE,0
5,A0A087SG86,17.7605102162352,III_3_05,III_3,5,12,1,0.5,TRUE,1
6,A0A087SG86,17.7584658943515,III_3_06,III_3,6,12,1,0.5,TRUE,1
7,A0A087SG86,18.447828706261,I_3_01,I_3,1,12,2,0,FALSE,0
8,A0A087SG86,18.4440717538207,I_3_02,I_3,2,12,2,0,FALSE,0
9,A0A087SG86,17.9968720618204,I_3_03,I_3,3,12,2,0,FALSE,0
10,A0A087SG86,18.1325546554838,I_3_04,I_3,4,12,2,0,FALSE,0
11,A0A087SG86,18.4384575317194,I_3_05,I_3,5,12,2,0,FALSE,0
12,A0A087SG86,17.8404528922302,I_3_06,I_3,6,12,1,0.5,TRUE,1
13,A0A087SG86,19.066770264281,LZ5_01,LZ5,1,10,2,0,FALSE,0
14,A0A087SG86,19.1720436615682,LZ5_02,LZ5,2,10,2,0,FALSE,0
15,A0A087SG86,18.9590462125727,LZ5_04,LZ5,4,10,2,0,FALSE,0
16,A0A087SG86,18.9726239867861,LZ5_05,LZ5,5,10,2,0,FALSE,0
17,A0A087SG86,18.5124185277404,LZ5_06,LZ5,6,10,2,0,FALSE,0
4,A0A087SG91;E1ZQW2,17.356922557797,III_3_04,III_3,4,12,1,0.5,TRUE,1
5,A0A087SG91;E1ZQW2,17.3724247563334,III_3_05,III_3,5,12,1,0.5,TRUE,1
6,A0A087SG91;E1ZQW2,17.1230285392046,III_3_06,III_3,6,12,1,0.5,TRUE,1
7,A0A087SG91;E1ZQW2,18.0256745129292,I_3_01,I_3,1,12,1,0.5,TRUE,1
9,A0A087SG91;E1ZQW2,17.8965976793438,I_3_03,I_3,3,12,1,0.5,TRUE,1
11,A0A087SG91;E1ZQW2,17.8599331418142,I_3_05,I_3,5,12,1,0.5,TRUE,1
14,A0A087SG91;E1ZQW2,17.5166470160008,LZ5_02,LZ5,2,10,1,0.5,TRUE,1
15,A0A087SG91;E1ZQW2,17.8917933271916,LZ5_04,LZ5,4,10,1,0.5,TRUE,1
17,A0A087SG91;E1ZQW2,17.6832995046283,LZ5_06,LZ5,6,10,1,0.5,TRUE,1
1,A0A087SHR1;E1ZDH1,16.6964341620235,III_3_01,III_3,1,78,5,0.615384615384615,TRUE,8
2,A0A087SHR1;E1ZDH1,16.4050033375753,III_3_02,III_3,2,78,3,0.769230769230769,TRUE,10
3,A0A087SHR1;E1ZDH1,16.1247169123447,III_3_03,III_3,3,78,3,0.769230769230769,TRUE,10
4,A0A087SHR1;E1ZDH1,16.1901191769479,III_3_04,III_3,4,78,2,0.846153846153846,TRUE,11
5,A0A087SHR1;E1ZDH1,16.5095938774998,III_3_05,III_3,5,78,4,0.692307692307692,TRUE,9
6,A0A087SHR1;E1ZDH1,16.4381587944945,III_3_06,III_3,6,78,3,0.769230769230769,TRUE,10
7,A0A087SHR1;E1ZDH1,17.6661088146267,I_3_01,I_3,1,78,11,0.153846153846154,FALSE,2
8,A0A087SHR1;E1ZDH1,17.3115870349018,I_3_02,I_3,2,78,11,0.153846153846154,FALSE,2
9,A0A087SHR1;E1ZDH1,17.4149979175608,I_3_03,I_3,3,78,11,0.153846153846154,FALSE,2
10,A0A087SHR1;E1ZDH1,17.3478138088028,I_3_04,I_3,4,78,10,0.230769230769231,FALSE,3
11,A0A087SHR1;E1ZDH1,17.1755328503305,I_3_05,I_3,5,78,10,0.230769230769231,FALSE,3
12,A0A087SHR1;E1ZDH1,16.6784445759667,I_3_06,I_3,6,78,8,0.384615384615385,FALSE,5
13,A0A087SHR1;E1ZDH1,17.8980592313299,LZ5_01,LZ5,1,65,10,0.230769230769231,FALSE,3
14,A0A087SHR1;E1ZDH1,17.6542776767695,LZ5_02,LZ5,2,65,10,0.230769230769231,FALSE,3
15,A0A087SHR1;E1ZDH1,17.7264900228316,LZ5_04,LZ5,4,65,11,0.153846153846154,FALSE,2
16,A0A087SHR1;E1ZDH1,17.3709299673861,LZ5_05,LZ5,5,65,10,0.230769230769231,FALSE,3
17,A0A087SHR1;E1ZDH1,17.2135142815512,LZ5_06,LZ5,6,65,9,0.307692307692308,FALSE,4
1,A0A087SHS8;E1ZM95;E1Z284,18.2089259297978,III_3_01,III_3,1,36,5,0.166666666666667,FALSE,1
2,A0A087SHS8;E1ZM95;E1Z284,18.2403910180882,III_3_02,III_3,2,36,5,0.166666666666667,FALSE,1
3,A0A087SHS8;E1ZM95;E1Z284,17.7103091906584,III_3_03,III_3,3,36,5,0.166666666666667,FALSE,1
4,A0A087SHS8;E1ZM95;E1Z284,18.0361502421673,III_3_04,III_3,4,36,4,0.333333333333333,FALSE,2
5,A0A087SHS8;E1ZM95;E1Z284,17.864246052975,III_3_05,III_3,5,36,4,0.333333333333333,FALSE,2
6,A0A087SHS8;E1ZM95;E1Z284,18.0204981149659,III_3_06,III_3,6,36,4,0.333333333333333,FALSE,2
7,A0A087SHS8;E1ZM95;E1Z284,18.6520406865162,I_3_01,I_3,1,36,5,0.166666666666667,FALSE,1
8,A0A087SHS8;E1ZM95;E1Z284,18.552466081027,I_3_02,I_3,2,36,5,0.166666666666667,FALSE,1
9,A0A087SHS8;E1ZM95;E1Z284,18.60481122249,I_3_03,I_3,3,36,5,0.166666666666667,FALSE,1
10,A0A087SHS8;E1ZM95;E1Z284,18.7375001009073,I_3_04,I_3,4,36,5,0.166666666666667,FALSE,1
11,A0A087SHS8;E1ZM95;E1Z284,18.4309606057786,I_3_05,I_3,5,36,5,0.166666666666667,FALSE,1
12,A0A087SHS8;E1ZM95;E1Z284,18.1347244152373,I_3_06,I_3,6,36,5,0.166666666666667,FALSE,1
13,A0A087SHS8;E1ZM95;E1Z284,18.1473047181775,LZ5_01,LZ5,1,30,3,0.5,TRUE,3
14,A0A087SHS8;E1ZM95;E1Z284,18.6760455366676,LZ5_02,LZ5,2,30,4,0.333333333333333,FALSE,2
15,A0A087SHS8;E1ZM95;E1Z284,18.3841959692884,LZ5_04,LZ5,4,30,3,0.5,TRUE,3
16,A0A087SHS8;E1ZM95;E1Z284,18.3058887763477,LZ5_05,LZ5,5,30,3,0.5,TRUE,3
17,A0A087SHS8;E1ZM95;E1Z284,18.3819380489996,LZ5_06,LZ5,6,30,3,0.5,TRUE,3
1,A0A087SI38,18.3296958852721,III_3_01,III_3,1,12,2,0,FALSE,0
2,A0A087SI38,18.2430745233697,III_3_02,III_3,2,12,2,0,FALSE,0
3,A0A087SI38,17.3760190674594,III_3_03,III_3,3,12,1,0.5,TRUE,1
4,A0A087SI38,18.1114812599471,III_3_04,III_3,4,12,2,0,FALSE,0
5,A0A087SI38,18.66579509527,III_3_05,III_3,5,12,2,0,FALSE,0
6,A0A087SI38,18.4722522425031,III_3_06,III_3,6,12,2,0,FALSE,0
1,A0A087SI84;E1ZJ35,19.3612658146111,III_3_01,III_3,1,30,4,0.2,FALSE,1
2,A0A087SI84;E1ZJ35,19.1113550531206,III_3_02,III_3,2,30,4,0.2,FALSE,1
3,A0A087SI84;E1ZJ35,18.1671264377581,III_3_03,III_3,3,30,3,0.4,FALSE,2
4,A0A087SI84;E1ZJ35,19.2183630898992,III_3_04,III_3,4,30,4,0.2,FALSE,1
5,A0A087SI84;E1ZJ35,19.0663946496485,III_3_05,III_3,5,30,3,0.4,FALSE,2
6,A0A087SI84;E1ZJ35,18.8843439176852,III_3_06,III_3,6,30,3,0.4,FALSE,2
7,A0A087SI84;E1ZJ35,18.7022394462205,I_3_01,I_3,1,30,4,0.2,FALSE,1
8,A0A087SI84;E1ZJ35,19.1193791191113,I_3_02,I_3,2,30,3,0.4,FALSE,2
9,A0A087SI84;E1ZJ35,18.8360477986133,I_3_03,I_3,3,30,4,0.2,FALSE,1
10,A0A087SI84;E1ZJ35,18.7781387639392,I_3_04,I_3,4,30,3,0.4,FALSE,2
11,A0A087SI84;E1ZJ35,18.5696559390619,I_3_05,I_3,5,30,4,0.2,FALSE,1
12,A0A087SI84;E1ZJ35,18.3704785559778,I_3_06,I_3,6,30,3,0.4,FALSE,2
13,A0A087SI84;E1ZJ35,18.4274235672747,LZ5_01,LZ5,1,25,3,0.4,FALSE,2
14,A0A087SI84;E1ZJ35,18.1840392052113,LZ5_02,LZ5,2,25,3,0.4,FALSE,2
15,A0A087SI84;E1ZJ35,18.1882183653138,LZ5_04,LZ5,4,25,4,0.2,FALSE,1
16,A0A087SI84;E1ZJ35,18.3624665286453,LZ5_05,LZ5,5,25,4,0.2,FALSE,1
17,A0A087SI84;E1ZJ35,17.7266906214625,LZ5_06,LZ5,6,25,3,0.4,FALSE,2
1,A0A087SIQ1;E1ZBE1,19.8266389106826,III_3_01,III_3,1,24,4,0,FALSE,0
2,A0A087SIQ1;E1ZBE1,19.6123536569542,III_3_02,III_3,2,24,4,0,FALSE,0
3,A0A087SIQ1;E1ZBE1,19.2742051883636,III_3_03,III_3,3,24,4,0,FALSE,0
4,A0A087SIQ1;E1ZBE1,19.9640187455158,III_3_04,III_3,4,24,4,0,FALSE,0
5,A0A087SIQ1;E1ZBE1,19.7611254873867,III_3_05,III_3,5,24,4,0,FALSE,0
6,A0A087SIQ1;E1ZBE1,19.6921133402488,III_3_06,III_3,6,24,4,0,FALSE,0
7,A0A087SIQ1;E1ZBE1,19.5362338576484,I_3_01,I_3,1,24,2,0.5,TRUE,2
8,A0A087SIQ1;E1ZBE1,18.9676262602928,I_3_02,I_3,2,24,1,0.75,TRUE,3
9,A0A087SIQ1;E1ZBE1,19.4002642199728,I_3_03,I_3,3,24,2,0.5,TRUE,2
10,A0A087SIQ1;E1ZBE1,18.6735577378692,I_3_04,I_3,4,24,1,0.75,TRUE,3
11,A0A087SIQ1;E1ZBE1,19.2443341848813,I_3_05,I_3,5,24,2,0.5,TRUE,2
12,A0A087SIQ1;E1ZBE1,18.8557048975693,I_3_06,I_3,6,24,2,0.5,TRUE,2
13,A0A087SIQ1;E1ZBE1,19.2208317035581,LZ5_01,LZ5,1,20,2,0.5,TRUE,2
14,A0A087SIQ1;E1ZBE1,19.1047380154281,LZ5_02,LZ5,2,20,2,0.5,TRUE,2
15,A0A087SIQ1;E1ZBE1,18.3282331535365,LZ5_04,LZ5,4,20,1,0.75,TRUE,3
16,A0A087SIQ1;E1ZBE1,18.7490506105573,LZ5_05,LZ5,5,20,2,0.5,TRUE,2
17,A0A087SIQ1;E1ZBE1,18.8712658525389,LZ5_06,LZ5,6,20,2,0.5,TRUE,2
1,A0A087SIY9;E1ZS72,18.1863968732221,III_3_01,III_3,1,12,2,0,FALSE,0
2,A0A087SIY9;E1ZS72,17.8053241408723,III_3_02,III_3,2,12,2,0,FALSE,0
3,A0A087SIY9;E1ZS72,17.4506804104328,III_3_03,III_3,3,12,2,0,FALSE,0
4,A0A087SIY9;E1ZS72,17.9217650338705,III_3_04,III_3,4,12,2,0,FALSE,0
5,A0A087SIY9;E1ZS72,17.7991872824295,III_3_05,III_3,5,12,2,0,FALSE,0
6,A0A087SIY9;E1ZS72,17.337903133396,III_3_06,III_3,6,12,2,0,FALSE,0
10,A0A087SIY9;E1ZS72,16.3344674670981,I_3_04,I_3,4,12,1,0.5,TRUE,1
12,A0A087SIY9;E1ZS72,16.0364378566706,I_3_06,I_3,6,12,1,0.5,TRUE,1
1,A0A087SJ70,21.0656303393823,III_3_01,III_3,1,18,2,0.333333333333333,FALSE,1
2,A0A087SJ70,21.0759557189009,III_3_02,III_3,2,18,2,0.333333333333333,FALSE,1
3,A0A087SJ70,20.8362743781925,III_3_03,III_3,3,18,2,0.333333333333333,FALSE,1
4,A0A087SJ70,20.1463510530497,III_3_04,III_3,4,18,1,0.666666666666667,TRUE,2
5,A0A087SJ70,21.1858985852544,III_3_05,III_3,5,18,2,0.333333333333333,FALSE,1
6,A0A087SJ70,21.327837637823,III_3_06,III_3,6,18,2,0.333333333333333,FALSE,1
7,A0A087SJ70,19.7146360616349,I_3_01,I_3,1,18,1,0.666666666666667,TRUE,2
8,A0A087SJ70,19.8680877279969,I_3_02,I_3,2,18,1,0.666666666666667,TRUE,2
9,A0A087SJ70,19.8302683222244,I_3_03,I_3,3,18,1,0.666666666666667,TRUE,2
10,A0A087SJ70,19.9882511197768,I_3_04,I_3,4,18,1,0.666666666666667,TRUE,2
11,A0A087SJ70,20.3452937142027,I_3_05,I_3,5,18,1,0.666666666666667,TRUE,2
12,A0A087SJ70,19.9720554709143,I_3_06,I_3,6,18,1,0.666666666666667,TRUE,2
13,A0A087SJ70,20.4689958674329,LZ5_01,LZ5,1,15,1,0.666666666666667,TRUE,2
14,A0A087SJ70,20.4902058374563,LZ5_02,LZ5,2,15,1,0.666666666666667,TRUE,2
15,A0A087SJ70,20.4640845399829,LZ5_04,LZ5,4,15,1,0.666666666666667,TRUE,2
16,A0A087SJ70,20.5236213344957,LZ5_05,LZ5,5,15,1,0.666666666666667,TRUE,2
17,A0A087SJ70,20.5128027226291,LZ5_06,LZ5,6,15,1,0.666666666666667,TRUE,2
1,A0A087SJF8;E1ZJL1,16.3236540053256,III_3_01,III_3,1,18,2,0.333333333333333,FALSE,1
2,A0A087SJF8;E1ZJL1,16.8855621536504,III_3_02,III_3,2,18,2,0.333333333333333,FALSE,1
3,A0A087SJF8;E1ZJL1,15.5811158506173,III_3_03,III_3,3,18,1,0.666666666666667,TRUE,2
4,A0A087SJF8;E1ZJL1,16.4109597033927,III_3_04,III_3,4,18,2,0.333333333333333,FALSE,1
5,A0A087SJF8;E1ZJL1,16.4475590679558,III_3_05,III_3,5,18,2,0.333333333333333,FALSE,1
6,A0A087SJF8;E1ZJL1,16.2155710112752,III_3_06,III_3,6,18,1,0.666666666666667,TRUE,2
7,A0A087SJF8;E1ZJL1,17.0113071885106,I_3_01,I_3,1,18,3,0,FALSE,0
8,A0A087SJF8;E1ZJL1,16.8901211887812,I_3_02,I_3,2,18,3,0,FALSE,0
9,A0A087SJF8;E1ZJL1,16.5189965083425,I_3_03,I_3,3,18,3,0,FALSE,0
10,A0A087SJF8;E1ZJL1,16.7539725194413,I_3_04,I_3,4,18,3,0,FALSE,0
11,A0A087SJF8;E1ZJL1,16.8893608744904,I_3_05,I_3,5,18,3,0,FALSE,0
12,A0A087SJF8;E1ZJL1,16.2988606126824,I_3_06,I_3,6,18,2,0.333333333333333,FALSE,1
13,A0A087SJF8;E1ZJL1,16.8864353428794,LZ5_01,LZ5,1,15,2,0.333333333333333,FALSE,1
14,A0A087SJF8;E1ZJL1,16.9461216655829,LZ5_02,LZ5,2,15,2,0.333333333333333,FALSE,1
15,A0A087SJF8;E1ZJL1,16.4068210561176,LZ5_04,LZ5,4,15,2,0.333333333333333,FALSE,1
16,A0A087SJF8;E1ZJL1,16.5669965913204,LZ5_05,LZ5,5,15,2,0.333333333333333,FALSE,1
17,A0A087SJF8;E1ZJL1,16.684262850238,LZ5_06,LZ5,6,15,2,0.333333333333333,FALSE,1
1,A0A087SJM7,17.5437343600503,III_3_01,III_3,1,12,1,0.5,TRUE,1
2,A0A087SJM7,17.8257942034979,III_3_02,III_3,2,12,1,0.5,TRUE,1
3,A0A087SJM7,16.8529302979381,III_3_03,III_3,3,12,1,0.5,TRUE,1
4,A0A087SJM7,17.3317005797436,III_3_04,III_3,4,12,1,0.5,TRUE,1
5,A0A087SJM7,17.7538829156275,III_3_05,III_3,5,12,1,0.5,TRUE,1
6,A0A087SJM7,17.6431443475584,III_3_06,III_3,6,12,1,0.5,TRUE,1
7,A0A087SJM7,17.9924473111332,I_3_01,I_3,1,12,1,0.5,TRUE,1
8,A0A087SJM7,18.2993710674671,I_3_02,I_3,2,12,1,0.5,TRUE,1
9,A0A087SJM7,17.7834407366937,I_3_03,I_3,3,12,1,0.5,TRUE,1
10,A0A087SJM7,17.9787892484979,I_3_04,I_3,4,12,1,0.5,TRUE,1
11,A0A087SJM7,17.9999046271376,I_3_05,I_3,5,12,1,0.5,TRUE,1
12,A0A087SJM7,18.2598709364228,I_3_06,I_3,6,12,1,0.5,TRUE,1
13,A0A087SJM7,19.1914553075614,LZ5_01,LZ5,1,10,2,0,FALSE,0
14,A0A087SJM7,19.4129817132169,LZ5_02,LZ5,2,10,2,0,FALSE,0
15,A0A087SJM7,19.5266016153305,LZ5_04,LZ5,4,10,2,0,FALSE,0
16,A0A087SJM7,19.4019455006908,LZ5_05,LZ5,5,10,2,0,FALSE,0
17,A0A087SJM7,19.1850674421789,LZ5_06,LZ5,6,10,2,0,FALSE,0
1,A0A087SJV3,18.6912515361112,III_3_01,III_3,1,30,4,0.2,FALSE,1
2,A0A087SJV3,18.8844890107302,III_3_02,III_3,2,30,5,0,FALSE,0
3,A0A087SJV3,17.9157419027551,III_3_03,III_3,3,30,3,0.4,FALSE,2
4,A0A087SJV3,18.5914386144211,III_3_04,III_3,4,30,4,0.2,FALSE,1
5,A0A087SJV3,18.6269326687719,III_3_05,III_3,5,30,4,0.2,FALSE,1
6,A0A087SJV3,18.6578994269244,III_3_06,III_3,6,30,4,0.2,FALSE,1
7,A0A087SJV3,19.3388804410086,I_3_01,I_3,1,30,4,0.2,FALSE,1
8,A0A087SJV3,19.7684131865605,I_3_02,I_3,2,30,4,0.2,FALSE,1
9,A0A087SJV3,19.4280384540775,I_3_03,I_3,3,30,4,0.2,FALSE,1
10,A0A087SJV3,19.1386312974599,I_3_04,I_3,4,30,3,0.4,FALSE,2
11,A0A087SJV3,18.7361478647891,I_3_05,I_3,5,30,3,0.4,FALSE,2
12,A0A087SJV3,18.9189111517046,I_3_06,I_3,6,30,3,0.4,FALSE,2
13,A0A087SJV3,20.1145869944118,LZ5_01,LZ5,1,25,4,0.2,FALSE,1
14,A0A087SJV3,19.4142809884445,LZ5_02,LZ5,2,25,4,0.2,FALSE,1
15,A0A087SJV3,19.6233460949689,LZ5_04,LZ5,4,25,4,0.2,FALSE,1
16,A0A087SJV3,19.7683808270492,LZ5_05,LZ5,5,25,4,0.2,FALSE,1
17,A0A087SJV3,19.6812412398174,LZ5_06,LZ5,6,25,4,0.2,FALSE,1
1,A0A087SJX6;E1ZF33,17.2440778730789,III_3_01,III_3,1,12,1,0.5,TRUE,1
2,A0A087SJX6;E1ZF33,17.1952349506626,III_3_02,III_3,2,12,1,0.5,TRUE,1
4,A0A087SJX6;E1ZF33,16.8188631860669,III_3_04,III_3,4,12,1,0.5,TRUE,1
6,A0A087SJX6;E1ZF33,17.4776265555086,III_3_06,III_3,6,12,1,0.5,TRUE,1
13,A0A087SJX6;E1ZF33,17.6140544309377,LZ5_01,LZ5,1,10,2,0,FALSE,0
14,A0A087SJX6;E1ZF33,17.6882089311956,LZ5_02,LZ5,2,10,2,0,FALSE,0
15,A0A087SJX6;E1ZF33,18.0073706809405,LZ5_04,LZ5,4,10,2,0,FALSE,0
16,A0A087SJX6;E1ZF33,17.8743969205351,LZ5_05,LZ5,5,10,1,0.5,TRUE,1
17,A0A087SJX6;E1ZF33,18.0700604468243,LZ5_06,LZ5,6,10,2,0,FALSE,0
2,A0A087SK64;E1ZFE4,14.7806933735669,III_3_02,III_3,2,12,1,0.5,TRUE,1
4,A0A087SK64;E1ZFE4,15.1222886541789,III_3_04,III_3,4,12,1,0.5,TRUE,1
5,A0A087SK64;E1ZFE4,14.5456922916342,III_3_05,III_3,5,12,1,0.5,TRUE,1
7,A0A087SK64;E1ZFE4,15.3460142777896,I_3_01,I_3,1,12,2,0,FALSE,0
8,A0A087SK64;E1ZFE4,15.2881354518434,I_3_02,I_3,2,12,1,0.5,TRUE,1
9,A0A087SK64;E1ZFE4,14.6516401099965,I_3_03,I_3,3,12,1,0.5,TRUE,1
11,A0A087SK64;E1ZFE4,15.6361694633605,I_3_05,I_3,5,12,2,0,FALSE,0
13,A0A087SK64;E1ZFE4,16.0988761726375,LZ5_01,LZ5,1,10,2,0,FALSE,0
14,A0A087SK64;E1ZFE4,16.0335138987568,LZ5_02,LZ5,2,10,1,0.5,TRUE,1
15,A0A087SK64;E1ZFE4,15.9232374001345,LZ5_04,LZ5,4,10,2,0,FALSE,0
16,A0A087SK64;E1ZFE4,15.2697984037382,LZ5_05,LZ5,5,10,1,0.5,TRUE,1
17,A0A087SK64;E1ZFE4,15.9741658398135,LZ5_06,LZ5,6,10,1,0.5,TRUE,1
3,A0A087SK74,17.7934979926306,III_3_03,III_3,3,18,1,0.666666666666667,TRUE,2
4,A0A087SK74,17.8069516806384,III_3_04,III_3,4,18,1,0.666666666666667,TRUE,2
6,A0A087SK74,18.6709604447338,III_3_06,III_3,6,18,1,0.666666666666667,TRUE,2
7,A0A087SK74,18.5357601201195,I_3_01,I_3,1,18,1,0.666666666666667,TRUE,2
10,A0A087SK74,17.8010973441897,I_3_04,I_3,4,18,1,0.666666666666667,TRUE,2
11,A0A087SK74,17.7132067891165,I_3_05,I_3,5,18,1,0.666666666666667,TRUE,2
12,A0A087SK74,18.1027544344884,I_3_06,I_3,6,18,1,0.666666666666667,TRUE,2
13,A0A087SK74,19.4518830123532,LZ5_01,LZ5,1,15,2,0.333333333333333,FALSE,1
14,A0A087SK74,19.3536354221729,LZ5_02,LZ5,2,15,2,0.333333333333333,FALSE,1
15,A0A087SK74,19.3003492380781,LZ5_04,LZ5,4,15,2,0.333333333333333,FALSE,1
16,A0A087SK74,19.3999685900595,LZ5_05,LZ5,5,15,2,0.333333333333333,FALSE,1
17,A0A087SK74,18.6725163539081,LZ5_06,LZ5,6,15,2,0.333333333333333,FALSE,1
1,A0A087SKF4;E1Z9Q9,17.7331452192786,III_3_01,III_3,1,12,1,0.5,TRUE,1
2,A0A087SKF4;E1Z9Q9,17.2329696670527,III_3_02,III_3,2,12,1,0.5,TRUE,1
3,A0A087SKF4;E1Z9Q9,16.9719603835044,III_3_03,III_3,3,12,1,0.5,TRUE,1
4,A0A087SKF4;E1Z9Q9,17.1176875884756,III_3_04,III_3,4,12,1,0.5,TRUE,1
5,A0A087SKF4;E1Z9Q9,16.9779940690143,III_3_05,III_3,5,12,1,0.5,TRUE,1
6,A0A087SKF4;E1Z9Q9,17.4350364878483,III_3_06,III_3,6,12,1,0.5,TRUE,1
7,A0A087SKF4;E1Z9Q9,17.9300126171926,I_3_01,I_3,1,12,1,0.5,TRUE,1
8,A0A087SKF4;E1Z9Q9,17.4494998664081,I_3_02,I_3,2,12,1,0.5,TRUE,1
9,A0A087SKF4;E1Z9Q9,17.2554209194904,I_3_03,I_3,3,12,1,0.5,TRUE,1
10,A0A087SKF4;E1Z9Q9,18.1096820533223,I_3_04,I_3,4,12,1,0.5,TRUE,1
11,A0A087SKF4;E1Z9Q9,17.6444044594247,I_3_05,I_3,5,12,1,0.5,TRUE,1
12,A0A087SKF4;E1Z9Q9,17.7774872546106,I_3_06,I_3,6,12,1,0.5,TRUE,1
13,A0A087SKF4;E1Z9Q9,17.7184214476074,LZ5_01,LZ5,1,10,1,0.5,TRUE,1
14,A0A087SKF4;E1Z9Q9,17.3249598035838,LZ5_02,LZ5,2,10,1,0.5,TRUE,1
15,A0A087SKF4;E1Z9Q9,17.9515428897491,LZ5_04,LZ5,4,10,1,0.5,TRUE,1
17,A0A087SKF4;E1Z9Q9,18.0288914489565,LZ5_06,LZ5,6,10,1,0.5,TRUE,1
1,A0A087SKG6;E1ZAC3,17.3114857626317,III_3_01,III_3,1,12,1,0.5,TRUE,1
2,A0A087SKG6;E1ZAC3,17.3243250305845,III_3_02,III_3,2,12,1,0.5,TRUE,1
3,A0A087SKG6;E1ZAC3,16.335785363885,III_3_03,III_3,3,12,1,0.5,TRUE,1
4,A0A087SKG6;E1ZAC3,17.1601809463724,III_3_04,III_3,4,12,1,0.5,TRUE,1
5,A0A087SKG6;E1ZAC3,17.2615255143796,III_3_05,III_3,5,12,1,0.5,TRUE,1
6,A0A087SKG6;E1ZAC3,17.0985777096016,III_3_06,III_3,6,12,1,0.5,TRUE,1
13,A0A087SKG6;E1ZAC3,18.6552194778557,LZ5_01,LZ5,1,10,2,0,FALSE,0
14,A0A087SKG6;E1ZAC3,17.5014025118318,LZ5_02,LZ5,2,10,2,0,FALSE,0
15,A0A087SKG6;E1ZAC3,18.3892622182356,LZ5_04,LZ5,4,10,1,0.5,TRUE,1
16,A0A087SKG6;E1ZAC3,18.8602021511672,LZ5_05,LZ5,5,10,2,0,FALSE,0
17,A0A087SKG6;E1ZAC3,19.4849046755274,LZ5_06,LZ5,6,10,2,0,FALSE,0
1,A0A087SL21;E1ZHZ0;E1Z5I7;E1ZCE0,20.3582220190836,III_3_01,III_3,1,18,1,0.666666666666667,TRUE,2
2,A0A087SL21;E1ZHZ0;E1Z5I7;E1ZCE0,19.7432752376104,III_3_02,III_3,2,18,1,0.666666666666667,TRUE,2
3,A0A087SL21;E1ZHZ0;E1Z5I7;E1ZCE0,20.1975689138453,III_3_03,III_3,3,18,1,0.666666666666667,TRUE,2
4,A0A087SL21;E1ZHZ0;E1Z5I7;E1ZCE0,20.1430283974303,III_3_04,III_3,4,18,1,0.666666666666667,TRUE,2
5,A0A087SL21;E1ZHZ0;E1Z5I7;E1ZCE0,19.9992206770481,III_3_05,III_3,5,18,1,0.666666666666667,TRUE,2
6,A0A087SL21;E1ZHZ0;E1Z5I7;E1ZCE0,18.9926537133409,III_3_06,III_3,6,18,1,0.666666666666667,TRUE,2
7,A0A087SL21;E1ZHZ0;E1Z5I7;E1ZCE0,21.8155758489353,I_3_01,I_3,1,18,3,0,FALSE,0
8,A0A087SL21;E1ZHZ0;E1Z5I7;E1ZCE0,21.2061034847742,I_3_02,I_3,2,18,3,0,FALSE,0
9,A0A087SL21;E1ZHZ0;E1Z5I7;E1ZCE0,21.4058895746457,I_3_03,I_3,3,18,3,0,FALSE,0
10,A0A087SL21;E1ZHZ0;E1Z5I7;E1ZCE0,20.4858419476535,I_3_04,I_3,4,18,2,0.333333333333333,FALSE,1
11,A0A087SL21;E1ZHZ0;E1Z5I7;E1ZCE0,21.7129064135641,I_3_05,I_3,5,18,2,0.333333333333333,FALSE,1
12,A0A087SL21;E1ZHZ0;E1Z5I7;E1ZCE0,20.6460618820896,I_3_06,I_3,6,18,3,0,FALSE,0
13,A0A087SL21;E1ZHZ0;E1Z5I7;E1ZCE0,20.6199077421986,LZ5_01,LZ5,1,15,3,0,FALSE,0
14,A0A087SL21;E1ZHZ0;E1Z5I7;E1ZCE0,20.2422737922679,LZ5_02,LZ5,2,15,2,0.333333333333333,FALSE,1
15,A0A087SL21;E1ZHZ0;E1Z5I7;E1ZCE0,19.9809261086016,LZ5_04,LZ5,4,15,1,0.666666666666667,TRUE,2
16,A0A087SL21;E1ZHZ0;E1Z5I7;E1ZCE0,19.383290638052,LZ5_05,LZ5,5,15,1,0.666666666666667,TRUE,2
17,A0A087SL21;E1ZHZ0;E1Z5I7;E1ZCE0,20.2372764614891,LZ5_06,LZ5,6,15,2,0.333333333333333,FALSE,1
1,A0A087SLA8;E1ZGF3,15.0652987217568,III_3_01,III_3,1,12,1,0.5,TRUE,1
2,A0A087SLA8;E1ZGF3,15.516598926133,III_3_02,III_3,2,12,1,0.5,TRUE,1
4,A0A087SLA8;E1ZGF3,14.7953112774036,III_3_04,III_3,4,12,1,0.5,TRUE,1
5,A0A087SLA8;E1ZGF3,16.2281873704363,III_3_05,III_3,5,12,1,0.5,TRUE,1
7,A0A087SLA8;E1ZGF3,16.0624502222145,I_3_01,I_3,1,12,2,0,FALSE,0
8,A0A087SLA8;E1ZGF3,16.0080092052626,I_3_02,I_3,2,12,1,0.5,TRUE,1
9,A0A087SLA8;E1ZGF3,15.9046441062362,I_3_03,I_3,3,12,1,0.5,TRUE,1
10,A0A087SLA8;E1ZGF3,15.9341959223079,I_3_04,I_3,4,12,1,0.5,TRUE,1
11,A0A087SLA8;E1ZGF3,16.0174017958949,I_3_05,I_3,5,12,1,0.5,TRUE,1
12,A0A087SLA8;E1ZGF3,15.2310978890292,I_3_06,I_3,6,12,1,0.5,TRUE,1
13,A0A087SLA8;E1ZGF3,18.1289493224317,LZ5_01,LZ5,1,10,2,0,FALSE,0
14,A0A087SLA8;E1ZGF3,17.2682445926743,LZ5_02,LZ5,2,10,2,0,FALSE,0
15,A0A087SLA8;E1ZGF3,16.5635641455953,LZ5_04,LZ5,4,10,1,0.5,TRUE,1
16,A0A087SLA8;E1ZGF3,17.3692601614674,LZ5_05,LZ5,5,10,2,0,FALSE,0
17,A0A087SLA8;E1ZGF3,17.407039075696,LZ5_06,LZ5,6,10,2,0,FALSE,0
1,A0A087SN43;E1Z9G1,16.2933041649724,III_3_01,III_3,1,12,1,0.5,TRUE,1
2,A0A087SN43;E1Z9G1,17.13457263803,III_3_02,III_3,2,12,2,0,FALSE,0
3,A0A087SN43;E1Z9G1,15.6614695627124,III_3_03,III_3,3,12,1,0.5,TRUE,1
5,A0A087SN43;E1Z9G1,16.8604154509949,III_3_05,III_3,5,12,1,0.5,TRUE,1
6,A0A087SN43;E1Z9G1,16.4166657625002,III_3_06,III_3,6,12,1,0.5,TRUE,1
7,A0A087SN43;E1Z9G1,17.8265716589431,I_3_01,I_3,1,12,1,0.5,TRUE,1
8,A0A087SN43;E1Z9G1,17.9401334579285,I_3_02,I_3,2,12,1,0.5,TRUE,1
9,A0A087SN43;E1Z9G1,17.9163515756753,I_3_03,I_3,3,12,1,0.5,TRUE,1
10,A0A087SN43;E1Z9G1,18.2084467685923,I_3_04,I_3,4,12,1,0.5,TRUE,1
11,A0A087SN43;E1Z9G1,17.6432704720985,I_3_05,I_3,5,12,1,0.5,TRUE,1
12,A0A087SN43;E1Z9G1,17.959305425012,I_3_06,I_3,6,12,1,0.5,TRUE,1
13,A0A087SN43;E1Z9G1,17.257031166743,LZ5_01,LZ5,1,10,2,0,FALSE,0
14,A0A087SN43;E1Z9G1,17.7178220760417,LZ5_02,LZ5,2,10,2,0,FALSE,0
15,A0A087SN43;E1Z9G1,17.4065019029211,LZ5_04,LZ5,4,10,2,0,FALSE,0
16,A0A087SN43;E1Z9G1,18.270394732301,LZ5_05,LZ5,5,10,2,0,FALSE,0
17,A0A087SN43;E1Z9G1,17.5682730062145,LZ5_06,LZ5,6,10,2,0,FALSE,0
1,A0A087SN66;E1Z5P4,17.3224732741086,III_3_01,III_3,1,12,1,0.5,TRUE,1
2,A0A087SN66;E1Z5P4,17.3385372786589,III_3_02,III_3,2,12,1,0.5,TRUE,1
4,A0A087SN66;E1Z5P4,16.9636611477797,III_3_04,III_3,4,12,1,0.5,TRUE,1
5,A0A087SN66;E1Z5P4,17.4158920663967,III_3_05,III_3,5,12,1,0.5,TRUE,1
6,A0A087SN66;E1Z5P4,16.9350896629051,III_3_06,III_3,6,12,1,0.5,TRUE,1
7,A0A087SN66;E1Z5P4,16.8312784017899,I_3_01,I_3,1,12,1,0.5,TRUE,1
8,A0A087SN66;E1Z5P4,17.2194565397241,I_3_02,I_3,2,12,1,0.5,TRUE,1
9,A0A087SN66;E1Z5P4,16.874682550572,I_3_03,I_3,3,12,1,0.5,TRUE,1
10,A0A087SN66;E1Z5P4,17.3735071049883,I_3_04,I_3,4,12,1,0.5,TRUE,1
11,A0A087SN66;E1Z5P4,17.390382839168,I_3_05,I_3,5,12,1,0.5,TRUE,1
12,A0A087SN66;E1Z5P4,17.0961363396073,I_3_06,I_3,6,12,1,0.5,TRUE,1
13,A0A087SN66;E1Z5P4,17.1196315863384,LZ5_01,LZ5,1,10,1,0.5,TRUE,1
14,A0A087SN66;E1Z5P4,16.8732588439203,LZ5_02,LZ5,2,10,1,0.5,TRUE,1
17,A0A087SN66;E1Z5P4,16.6473395440999,LZ5_06,LZ5,6,10,1,0.5,TRUE,1
1,A0A087SND2,17.7377212439876,III_3_01,III_3,1,24,4,0,FALSE,0
2,A0A087SND2,17.7039731558911,III_3_02,III_3,2,24,4,0,FALSE,0
3,A0A087SND2,17.1835203737876,III_3_03,III_3,3,24,3,0.25,FALSE,1
4,A0A087SND2,17.572600206548,III_3_04,III_3,4,24,4,0,FALSE,0
5,A0A087SND2,17.6627777054983,III_3_05,III_3,5,24,4,0,FALSE,0
6,A0A087SND2,17.1476713480887,III_3_06,III_3,6,24,3,0.25,FALSE,1
7,A0A087SND2,17.54207639236,I_3_01,I_3,1,24,4,0,FALSE,0
8,A0A087SND2,17.1666521562187,I_3_02,I_3,2,24,4,0,FALSE,0
9,A0A087SND2,16.8999570963105,I_3_03,I_3,3,24,4,0,FALSE,0
10,A0A087SND2,17.1087746233739,I_3_04,I_3,4,24,3,0.25,FALSE,1
11,A0A087SND2,17.2905986969398,I_3_05,I_3,5,24,3,0.25,FALSE,1
12,A0A087SND2,17.1250455936328,I_3_06,I_3,6,24,3,0.25,FALSE,1
13,A0A087SND2,17.125423375806,LZ5_01,LZ5,1,20,4,0,FALSE,0
14,A0A087SND2,17.0074829802601,LZ5_02,LZ5,2,20,4,0,FALSE,0
15,A0A087SND2,17.0395161750855,LZ5_04,LZ5,4,20,4,0,FALSE,0
16,A0A087SND2,16.9190399826444,LZ5_05,LZ5,5,20,4,0,FALSE,0
17,A0A087SND2,16.7691458290856,LZ5_06,LZ5,6,20,4,0,FALSE,0
1,A0A087SNM4,16.9714010600481,III_3_01,III_3,1,18,1,0.666666666666667,TRUE,2
2,A0A087SNM4,17.0265958993529,III_3_02,III_3,2,18,1,0.666666666666667,TRUE,2
3,A0A087SNM4,16.6025775670586,III_3_03,III_3,3,18,1,0.666666666666667,TRUE,2
4,A0A087SNM4,17.1975000444681,III_3_04,III_3,4,18,1,0.666666666666667,TRUE,2
5,A0A087SNM4,16.949554203603,III_3_05,III_3,5,18,1,0.666666666666667,TRUE,2
6,A0A087SNM4,16.5337904286876,III_3_06,III_3,6,18,1,0.666666666666667,TRUE,2
7,A0A087SNM4,17.4877976468271,I_3_01,I_3,1,18,2,0.333333333333333,FALSE,1
8,A0A087SNM4,16.9043698216373,I_3_02,I_3,2,18,1,0.666666666666667,TRUE,2
9,A0A087SNM4,16.9662455794196,I_3_03,I_3,3,18,1,0.666666666666667,TRUE,2
10,A0A087SNM4,16.8359820128056,I_3_04,I_3,4,18,1,0.666666666666667,TRUE,2
11,A0A087SNM4,17.0608993783408,I_3_05,I_3,5,18,2,0.333333333333333,FALSE,1
12,A0A087SNM4,16.368030509144,I_3_06,I_3,6,18,1,0.666666666666667,TRUE,2
13,A0A087SNM4,16.7039315153356,LZ5_01,LZ5,1,15,1,0.666666666666667,TRUE,2
14,A0A087SNM4,17.0109832328311,LZ5_02,LZ5,2,15,1,0.666666666666667,TRUE,2
15,A0A087SNM4,17.7481683531121,LZ5_04,LZ5,4,15,2,0.333333333333333,FALSE,1
16,A0A087SNM4,17.9952695219763,LZ5_05,LZ5,5,15,2,0.333333333333333,FALSE,1
17,A0A087SNM4,17.743258556364,LZ5_06,LZ5,6,15,2,0.333333333333333,FALSE,1
1,A0A087SNN6,17.6656682758384,III_3_01,III_3,1,12,2,0,FALSE,0
2,A0A087SNN6,17.3973620464495,III_3_02,III_3,2,12,2,0,FALSE,0
3,A0A087SNN6,17.4343876912205,III_3_03,III_3,3,12,2,0,FALSE,0
4,A0A087SNN6,17.4070705480209,III_3_04,III_3,4,12,2,0,FALSE,0
5,A0A087SNN6,17.8487978636355,III_3_05,III_3,5,12,2,0,FALSE,0
6,A0A087SNN6,17.4469404768991,III_3_06,III_3,6,12,1,0.5,TRUE,1
1,A0A087SNV1,18.11701894587,III_3_01,III_3,1,12,1,0.5,TRUE,1
2,A0A087SNV1,18.4873098960979,III_3_02,III_3,2,12,1,0.5,TRUE,1
3,A0A087SNV1,17.4783011692926,III_3_03,III_3,3,12,1,0.5,TRUE,1
5,A0A087SNV1,18.2468211751483,III_3_05,III_3,5,12,1,0.5,TRUE,1
6,A0A087SNV1,17.9705756226799,III_3_06,III_3,6,12,1,0.5,TRUE,1
7,A0A087SNV1,18.464245213139,I_3_01,I_3,1,12,1,0.5,TRUE,1
8,A0A087SNV1,18.4928100599421,I_3_02,I_3,2,12,1,0.5,TRUE,1
9,A0A087SNV1,18.2842381155949,I_3_03,I_3,3,12,1,0.5,TRUE,1
10,A0A087SNV1,18.3709957641586,I_3_04,I_3,4,12,1,0.5,TRUE,1
11,A0A087SNV1,18.3953017967109,I_3_05,I_3,5,12,1,0.5,TRUE,1
12,A0A087SNV1,18.2477704032012,I_3_06,I_3,6,12,1,0.5,TRUE,1
13,A0A087SNV1,19.5927231571574,LZ5_01,LZ5,1,10,2,0,FALSE,0
14,A0A087SNV1,19.5941495485466,LZ5_02,LZ5,2,10,2,0,FALSE,0
15,A0A087SNV1,19.6523392541943,LZ5_04,LZ5,4,10,2,0,FALSE,0
16,A0A087SNV1,19.2733725737952,LZ5_05,LZ5,5,10,2,0,FALSE,0
17,A0A087SNV1,19.4998625267312,LZ5_06,LZ5,6,10,2,0,FALSE,0
1,A0A087SP16,21.9207075766924,III_3_01,III_3,1,18,3,0,FALSE,0
2,A0A087SP16,21.3429657566055,III_3_02,III_3,2,18,3,0,FALSE,0
3,A0A087SP16,21.1969176968241,III_3_03,III_3,3,18,3,0,FALSE,0
4,A0A087SP16,21.3060734614994,III_3_04,III_3,4,18,3,0,FALSE,0
5,A0A087SP16,21.1243468524042,III_3_05,III_3,5,18,3,0,FALSE,0
6,A0A087SP16,20.4043032517552,III_3_06,III_3,6,18,3,0,FALSE,0
7,A0A087SP16,20.9893653227518,I_3_01,I_3,1,18,3,0,FALSE,0
8,A0A087SP16,22.0632019287766,I_3_02,I_3,2,18,3,0,FALSE,0
9,A0A087SP16,22.4170043200935,I_3_03,I_3,3,18,3,0,FALSE,0
10,A0A087SP16,22.2961098344072,I_3_04,I_3,4,18,3,0,FALSE,0
11,A0A087SP16,21.3461010543822,I_3_05,I_3,5,18,3,0,FALSE,0
12,A0A087SP16,20.8176050344416,I_3_06,I_3,6,18,3,0,FALSE,0
13,A0A087SP16,20.1072986260431,LZ5_01,LZ5,1,15,3,0,FALSE,0
14,A0A087SP16,19.842665478397,LZ5_02,LZ5,2,15,3,0,FALSE,0
15,A0A087SP16,19.8712484844273,LZ5_04,LZ5,4,15,2,0.333333333333333,FALSE,1
16,A0A087SP16,20.4199680864937,LZ5_05,LZ5,5,15,3,0,FALSE,0
17,A0A087SP16,20.210017244983,LZ5_06,LZ5,6,15,3,0,FALSE,0
1,A0A087SPA9,16.2111468245267,III_3_01,III_3,1,12,1,0.5,TRUE,1
2,A0A087SPA9,15.8383748313627,III_3_02,III_3,2,12,1,0.5,TRUE,1
3,A0A087SPA9,16.516792006609,III_3_03,III_3,3,12,1,0.5,TRUE,1
4,A0A087SPA9,16.3583031839323,III_3_04,III_3,4,12,1,0.5,TRUE,1
5,A0A087SPA9,16.0099470945182,III_3_05,III_3,5,12,1,0.5,TRUE,1
7,A0A087SPA9,16.3902866505513,I_3_01,I_3,1,12,1,0.5,TRUE,1
8,A0A087SPA9,16.6314484328455,I_3_02,I_3,2,12,1,0.5,TRUE,1
9,A0A087SPA9,16.2584876152353,I_3_03,I_3,3,12,1,0.5,TRUE,1
10,A0A087SPA9,16.5155093047919,I_3_04,I_3,4,12,1,0.5,TRUE,1
11,A0A087SPA9,16.4857822184073,I_3_05,I_3,5,12,1,0.5,TRUE,1
12,A0A087SPA9,15.9192035396422,I_3_06,I_3,6,12,1,0.5,TRUE,1
13,A0A087SPA9,17.2746929461363,LZ5_01,LZ5,1,10,2,0,FALSE,0
14,A0A087SPA9,17.222480137458,LZ5_02,LZ5,2,10,2,0,FALSE,0
15,A0A087SPA9,17.1204168301201,LZ5_04,LZ5,4,10,2,0,FALSE,0
16,A0A087SPA9,17.1422886943028,LZ5_05,LZ5,5,10,2,0,FALSE,0
17,A0A087SPA9,17.1596428435521,LZ5_06,LZ5,6,10,1,0.5,TRUE,1
1,A0A087SQ68,16.114810861155,III_3_01,III_3,1,24,1,0.75,TRUE,3
2,A0A087SQ68,16.1913614561748,III_3_02,III_3,2,24,1,0.75,TRUE,3
3,A0A087SQ68,15.6648318572923,III_3_03,III_3,3,24,1,0.75,TRUE,3
4,A0A087SQ68,16.3372967096634,III_3_04,III_3,4,24,1,0.75,TRUE,3
5,A0A087SQ68,16.1674717450081,III_3_05,III_3,5,24,1,0.75,TRUE,3
6,A0A087SQ68,15.9535415618357,III_3_06,III_3,6,24,1,0.75,TRUE,3
7,A0A087SQ68,16.3816459659027,I_3_01,I_3,1,24,2,0.5,TRUE,2
8,A0A087SQ68,16.08739436941,I_3_02,I_3,2,24,1,0.75,TRUE,3
9,A0A087SQ68,16.2554838436401,I_3_03,I_3,3,24,2,0.5,TRUE,2
10,A0A087SQ68,17.1672934962775,I_3_04,I_3,4,24,2,0.5,TRUE,2
11,A0A087SQ68,16.6989972938604,I_3_05,I_3,5,24,2,0.5,TRUE,2
12,A0A087SQ68,15.8581527963052,I_3_06,I_3,6,24,1,0.75,TRUE,3
13,A0A087SQ68,17.1023513839021,LZ5_01,LZ5,1,20,2,0.5,TRUE,2
14,A0A087SQ68,16.6721808647101,LZ5_02,LZ5,2,20,2,0.5,TRUE,2
15,A0A087SQ68,16.8387531249429,LZ5_04,LZ5,4,20,2,0.5,TRUE,2
16,A0A087SQ68,16.015443138296,LZ5_05,LZ5,5,20,1,0.75,TRUE,3
17,A0A087SQ68,16.7009085580858,LZ5_06,LZ5,6,20,2,0.5,TRUE,2
1,A0A087SQR3,20.6923430637671,III_3_01,III_3,1,18,3,0,FALSE,0
2,A0A087SQR3,20.2535877984439,III_3_02,III_3,2,18,3,0,FALSE,0
3,A0A087SQR3,19.6152927749992,III_3_03,III_3,3,18,3,0,FALSE,0
4,A0A087SQR3,20.208063840392,III_3_04,III_3,4,18,3,0,FALSE,0
5,A0A087SQR3,20.0920209265999,III_3_05,III_3,5,18,3,0,FALSE,0
6,A0A087SQR3,20.0857446423412,III_3_06,III_3,6,18,3,0,FALSE,0
7,A0A087SQR3,20.0938886703287,I_3_01,I_3,1,18,2,0.333333333333333,FALSE,1
8,A0A087SQR3,19.6981619812196,I_3_02,I_3,2,18,3,0,FALSE,0
9,A0A087SQR3,19.3690112476349,I_3_03,I_3,3,18,3,0,FALSE,0
10,A0A087SQR3,19.7121674518172,I_3_04,I_3,4,18,3,0,FALSE,0
11,A0A087SQR3,19.5720297767064,I_3_05,I_3,5,18,3,0,FALSE,0
12,A0A087SQR3,19.0684637787382,I_3_06,I_3,6,18,3,0,FALSE,0
13,A0A087SQR3,19.9220980694548,LZ5_01,LZ5,1,15,3,0,FALSE,0
14,A0A087SQR3,19.5645469945574,LZ5_02,LZ5,2,15,3,0,FALSE,0
15,A0A087SQR3,19.6509397547659,LZ5_04,LZ5,4,15,3,0,FALSE,0
16,A0A087SQR3,19.5237047205315,LZ5_05,LZ5,5,15,3,0,FALSE,0
17,A0A087SQR3,19.4384126781655,LZ5_06,LZ5,6,15,3,0,FALSE,0
1,A0A087SS52;E1ZR65,17.6973069759055,III_3_01,III_3,1,18,3,0,FALSE,0
2,A0A087SS52;E1ZR65,17.4361573596596,III_3_02,III_3,2,18,3,0,FALSE,0
3,A0A087SS52;E1ZR65,17.6175870205684,III_3_03,III_3,3,18,3,0,FALSE,0
4,A0A087SS52;E1ZR65,17.1547785619295,III_3_04,III_3,4,18,3,0,FALSE,0
5,A0A087SS52;E1ZR65,17.6637515822992,III_3_05,III_3,5,18,3,0,FALSE,0
6,A0A087SS52;E1ZR65,17.2168547993121,III_3_06,III_3,6,18,3,0,FALSE,0
7,A0A087SS52;E1ZR65,17.596709204224,I_3_01,I_3,1,18,2,0.333333333333333,FALSE,1
8,A0A087SS52;E1ZR65,17.455675399461,I_3_02,I_3,2,18,2,0.333333333333333,FALSE,1
9,A0A087SS52;E1ZR65,17.237358713265,I_3_03,I_3,3,18,2,0.333333333333333,FALSE,1
10,A0A087SS52;E1ZR65,17.5143482033785,I_3_04,I_3,4,18,2,0.333333333333333,FALSE,1
11,A0A087SS52;E1ZR65,17.2915523972866,I_3_05,I_3,5,18,2,0.333333333333333,FALSE,1
12,A0A087SS52;E1ZR65,17.1448828468565,I_3_06,I_3,6,18,2,0.333333333333333,FALSE,1
13,A0A087SS52;E1ZR65,17.8505315503476,LZ5_01,LZ5,1,15,2,0.333333333333333,FALSE,1
14,A0A087SS52;E1ZR65,17.5613562407706,LZ5_02,LZ5,2,15,3,0,FALSE,0
15,A0A087SS52;E1ZR65,18.1336341734087,LZ5_04,LZ5,4,15,3,0,FALSE,0
16,A0A087SS52;E1ZR65,18.1554642443063,LZ5_05,LZ5,5,15,2,0.333333333333333,FALSE,1
17,A0A087SS52;E1ZR65,17.6739186501818,LZ5_06,LZ5,6,15,3,0,FALSE,0
1,A0A087SS91;E1Z6W8,16.36298917009,III_3_01,III_3,1,42,1,0.857142857142857,TRUE,6
2,A0A087SS91;E1Z6W8,16.3899554083619,III_3_02,III_3,2,42,1,0.857142857142857,TRUE,6
3,A0A087SS91;E1Z6W8,16.5278461242877,III_3_03,III_3,3,42,1,0.857142857142857,TRUE,6
4,A0A087SS91;E1Z6W8,16.4312818816587,III_3_04,III_3,4,42,1,0.857142857142857,TRUE,6
5,A0A087SS91;E1Z6W8,16.4399156193788,III_3_05,III_3,5,42,1,0.857142857142857,TRUE,6
6,A0A087SS91;E1Z6W8,16.419079470098,III_3_06,III_3,6,42,1,0.857142857142857,TRUE,6
7,A0A087SS91;E1Z6W8,19.0223957160944,I_3_01,I_3,1,42,7,0,FALSE,0
8,A0A087SS91;E1Z6W8,19.5345140859316,I_3_02,I_3,2,42,7,0,FALSE,0
9,A0A087SS91;E1Z6W8,18.7668291640256,I_3_03,I_3,3,42,7,0,FALSE,0
10,A0A087SS91;E1Z6W8,19.6676163724475,I_3_04,I_3,4,42,7,0,FALSE,0
11,A0A087SS91;E1Z6W8,19.0080121037343,I_3_05,I_3,5,42,6,0.142857142857143,FALSE,1
12,A0A087SS91;E1Z6W8,19.3424649909169,I_3_06,I_3,6,42,7,0,FALSE,0
13,A0A087SS91;E1Z6W8,18.3601713297529,LZ5_01,LZ5,1,35,5,0.285714285714286,FALSE,2
14,A0A087SS91;E1Z6W8,17.4849502613578,LZ5_02,LZ5,2,35,3,0.571428571428571,TRUE,4
15,A0A087SS91;E1Z6W8,17.2209219098438,LZ5_04,LZ5,4,35,2,0.714285714285714,TRUE,5
16,A0A087SS91;E1Z6W8,18.6464927951567,LZ5_05,LZ5,5,35,5,0.285714285714286,FALSE,2
17,A0A087SS91;E1Z6W8,17.3318286987421,LZ5_06,LZ5,6,35,3,0.571428571428571,TRUE,4
1,A0A087SSC1;E1ZDR7,16.2367616635716,III_3_01,III_3,1,18,3,0,FALSE,0
2,A0A087SSC1;E1ZDR7,16.1737651115013,III_3_02,III_3,2,18,2,0.333333333333333,FALSE,1
3,A0A087SSC1;E1ZDR7,14.967557509956,III_3_03,III_3,3,18,1,0.666666666666667,TRUE,2
4,A0A087SSC1;E1ZDR7,15.4465509144086,III_3_04,III_3,4,18,2,0.333333333333333,FALSE,1
5,A0A087SSC1;E1ZDR7,15.4004940572401,III_3_05,III_3,5,18,2,0.333333333333333,FALSE,1
6,A0A087SSC1;E1ZDR7,14.9763541864011,III_3_06,III_3,6,18,1,0.666666666666667,TRUE,2
7,A0A087SSC1;E1ZDR7,16.6677967641552,I_3_01,I_3,1,18,3,0,FALSE,0
8,A0A087SSC1;E1ZDR7,16.4965698080141,I_3_02,I_3,2,18,3,0,FALSE,0
9,A0A087SSC1;E1ZDR7,16.0933141810902,I_3_03,I_3,3,18,2,0.333333333333333,FALSE,1
10,A0A087SSC1;E1ZDR7,16.3165553146885,I_3_04,I_3,4,18,3,0,FALSE,0
11,A0A087SSC1;E1ZDR7,16.4595280280994,I_3_05,I_3,5,18,3,0,FALSE,0
12,A0A087SSC1;E1ZDR7,15.5519776421137,I_3_06,I_3,6,18,3,0,FALSE,0
13,A0A087SSC1;E1ZDR7,16.7271934189687,LZ5_01,LZ5,1,15,3,0,FALSE,0
14,A0A087SSC1;E1ZDR7,16.3569879607945,LZ5_02,LZ5,2,15,2,0.333333333333333,FALSE,1
15,A0A087SSC1;E1ZDR7,16.3763378102635,LZ5_04,LZ5,4,15,2,0.333333333333333,FALSE,1
16,A0A087SSC1;E1ZDR7,15.9257945039483,LZ5_05,LZ5,5,15,3,0,FALSE,0
17,A0A087SSC1;E1ZDR7,16.0988557344321,LZ5_06,LZ5,6,15,2,0.333333333333333,FALSE,1
1,A0A087SSE1;A0A087S9H0;A0A087S9Z5;E1ZGZ5;A0A087SHK1;A0A087S9W9;E1ZRB7;E1ZRA5;E1ZSZ5;E1ZCE3;A0A087SIU2;E1Z2X3;E1ZR66;E1ZFV1;A0A087S9X1;E1ZRC8;E1Z345;A0A087SS41;A0A087SDR2,17.7606766210196,III_3_01,III_3,1,12,2,0,FALSE,0
2,A0A087SSE1;A0A087S9H0;A0A087S9Z5;E1ZGZ5;A0A087SHK1;A0A087S9W9;E1ZRB7;E1ZRA5;E1ZSZ5;E1ZCE3;A0A087SIU2;E1Z2X3;E1ZR66;E1ZFV1;A0A087S9X1;E1ZRC8;E1Z345;A0A087SS41;A0A087SDR2,17.5327762702833,III_3_02,III_3,2,12,2,0,FALSE,0
3,A0A087SSE1;A0A087S9H0;A0A087S9Z5;E1ZGZ5;A0A087SHK1;A0A087S9W9;E1ZRB7;E1ZRA5;E1ZSZ5;E1ZCE3;A0A087SIU2;E1Z2X3;E1ZR66;E1ZFV1;A0A087S9X1;E1ZRC8;E1Z345;A0A087SS41;A0A087SDR2,17.2850595770744,III_3_03,III_3,3,12,2,0,FALSE,0
4,A0A087SSE1;A0A087S9H0;A0A087S9Z5;E1ZGZ5;A0A087SHK1;A0A087S9W9;E1ZRB7;E1ZRA5;E1ZSZ5;E1ZCE3;A0A087SIU2;E1Z2X3;E1ZR66;E1ZFV1;A0A087S9X1;E1ZRC8;E1Z345;A0A087SS41;A0A087SDR2,17.0471358425925,III_3_04,III_3,4,12,1,0.5,TRUE,1
5,A0A087SSE1;A0A087S9H0;A0A087S9Z5;E1ZGZ5;A0A087SHK1;A0A087S9W9;E1ZRB7;E1ZRA5;E1ZSZ5;E1ZCE3;A0A087SIU2;E1Z2X3;E1ZR66;E1ZFV1;A0A087S9X1;E1ZRC8;E1Z345;A0A087SS41;A0A087SDR2,17.1212487640482,III_3_05,III_3,5,12,2,0,FALSE,0
6,A0A087SSE1;A0A087S9H0;A0A087S9Z5;E1ZGZ5;A0A087SHK1;A0A087S9W9;E1ZRB7;E1ZRA5;E1ZSZ5;E1ZCE3;A0A087SIU2;E1Z2X3;E1ZR66;E1ZFV1;A0A087S9X1;E1ZRC8;E1Z345;A0A087SS41;A0A087SDR2,16.9686922846148,III_3_06,III_3,6,12,1,0.5,TRUE,1
7,A0A087SSE1;A0A087S9H0;A0A087S9Z5;E1ZGZ5;A0A087SHK1;A0A087S9W9;E1ZRB7;E1ZRA5;E1ZSZ5;E1ZCE3;A0A087SIU2;E1Z2X3;E1ZR66;E1ZFV1;A0A087S9X1;E1ZRC8;E1Z345;A0A087SS41;A0A087SDR2,17.7930507375219,I_3_01,I_3,1,12,2,0,FALSE,0
8,A0A087SSE1;A0A087S9H0;A0A087S9Z5;E1ZGZ5;A0A087SHK1;A0A087S9W9;E1ZRB7;E1ZRA5;E1ZSZ5;E1ZCE3;A0A087SIU2;E1Z2X3;E1ZR66;E1ZFV1;A0A087S9X1;E1ZRC8;E1Z345;A0A087SS41;A0A087SDR2,17.9641951735713,I_3_02,I_3,2,12,2,0,FALSE,0
9,A0A087SSE1;A0A087S9H0;A0A087S9Z5;E1ZGZ5;A0A087SHK1;A0A087S9W9;E1ZRB7;E1ZRA5;E1ZSZ5;E1ZCE3;A0A087SIU2;E1Z2X3;E1ZR66;E1ZFV1;A0A087S9X1;E1ZRC8;E1Z345;A0A087SS41;A0A087SDR2,17.0182894359241,I_3_03,I_3,3,12,1,0.5,TRUE,1
10,A0A087SSE1;A0A087S9H0;A0A087S9Z5;E1ZGZ5;A0A087SHK1;A0A087S9W9;E1ZRB7;E1ZRA5;E1ZSZ5;E1ZCE3;A0A087SIU2;E1Z2X3;E1ZR66;E1ZFV1;A0A087S9X1;E1ZRC8;E1Z345;A0A087SS41;A0A087SDR2,17.2822363643296,I_3_04,I_3,4,12,2,0,FALSE,0
11,A0A087SSE1;A0A087S9H0;A0A087S9Z5;E1ZGZ5;A0A087SHK1;A0A087S9W9;E1ZRB7;E1ZRA5;E1ZSZ5;E1ZCE3;A0A087SIU2;E1Z2X3;E1ZR66;E1ZFV1;A0A087S9X1;E1ZRC8;E1Z345;A0A087SS41;A0A087SDR2,17.2366529477415,I_3_05,I_3,5,12,2,0,FALSE,0
12,A0A087SSE1;A0A087S9H0;A0A087S9Z5;E1ZGZ5;A0A087SHK1;A0A087S9W9;E1ZRB7;E1ZRA5;E1ZSZ5;E1ZCE3;A0A087SIU2;E1Z2X3;E1ZR66;E1ZFV1;A0A087S9X1;E1ZRC8;E1Z345;A0A087SS41;A0A087SDR2,17.4157320634041,I_3_06,I_3,6,12,1,0.5,TRUE,1
13,A0A087SSE1;A0A087S9H0;A0A087S9Z5;E1ZGZ5;A0A087SHK1;A0A087S9W9;E1ZRB7;E1ZRA5;E1ZSZ5;E1ZCE3;A0A087SIU2;E1Z2X3;E1ZR66;E1ZFV1;A0A087S9X1;E1ZRC8;E1Z345;A0A087SS41;A0A087SDR2,17.6538297562945,LZ5_01,LZ5,1,10,2,0,FALSE,0
14,A0A087SSE1;A0A087S9H0;A0A087S9Z5;E1ZGZ5;A0A087SHK1;A0A087S9W9;E1ZRB7;E1ZRA5;E1ZSZ5;E1ZCE3;A0A087SIU2;E1Z2X3;E1ZR66;E1ZFV1;A0A087S9X1;E1ZRC8;E1Z345;A0A087SS41;A0A087SDR2,17.3313078733919,LZ5_02,LZ5,2,10,2,0,FALSE,0
15,A0A087SSE1;A0A087S9H0;A0A087S9Z5;E1ZGZ5;A0A087SHK1;A0A087S9W9;E1ZRB7;E1ZRA5;E1ZSZ5;E1ZCE3;A0A087SIU2;E1Z2X3;E1ZR66;E1ZFV1;A0A087S9X1;E1ZRC8;E1Z345;A0A087SS41;A0A087SDR2,17.5412540205914,LZ5_04,LZ5,4,10,2,0,FALSE,0
16,A0A087SSE1;A0A087S9H0;A0A087S9Z5;E1ZGZ5;A0A087SHK1;A0A087S9W9;E1ZRB7;E1ZRA5;E1ZSZ5;E1ZCE3;A0A087SIU2;E1Z2X3;E1ZR66;E1ZFV1;A0A087S9X1;E1ZRC8;E1Z345;A0A087SS41;A0A087SDR2,17.122527548876,LZ5_05,LZ5,5,10,2,0,FALSE,0
17,A0A087SSE1;A0A087S9H0;A0A087S9Z5;E1ZGZ5;A0A087SHK1;A0A087S9W9;E1ZRB7;E1ZRA5;E1ZSZ5;E1ZCE3;A0A087SIU2;E1Z2X3;E1ZR66;E1ZFV1;A0A087S9X1;E1ZRC8;E1Z345;A0A087SS41;A0A087SDR2,16.8411262055689,LZ5_06,LZ5,6,10,2,0,FALSE,0
7,A0A087SSF2,18.3861504182051,I_3_01,I_3,1,12,2,0,FALSE,0
8,A0A087SSF2,18.0904934084612,I_3_02,I_3,2,12,2,0,FALSE,0
9,A0A087SSF2,18.2264617781574,I_3_03,I_3,3,12,1,0.5,TRUE,1
10,A0A087SSF2,18.2190554897314,I_3_04,I_3,4,12,2,0,FALSE,0
11,A0A087SSF2,18.0595073589035,I_3_05,I_3,5,12,2,0,FALSE,0
12,A0A087SSF2,17.8278964373555,I_3_06,I_3,6,12,2,0,FALSE,0
13,A0A087SSF2,19.1061821729984,LZ5_01,LZ5,1,10,2,0,FALSE,0
14,A0A087SSF2,17.964422791104,LZ5_02,LZ5,2,10,1,0.5,TRUE,1
15,A0A087SSF2,18.4600759498147,LZ5_04,LZ5,4,10,2,0,FALSE,0
16,A0A087SSF2,18.0888986060678,LZ5_05,LZ5,5,10,1,0.5,TRUE,1
17,A0A087SSF2,18.152554828033,LZ5_06,LZ5,6,10,1,0.5,TRUE,1
1,A0A087SSM0,18.0224219997753,III_3_01,III_3,1,66,9,0.181818181818182,FALSE,2
2,A0A087SSM0,18.008434391565,III_3_02,III_3,2,66,11,0,FALSE,0
3,A0A087SSM0,17.7948212760406,III_3_03,III_3,3,66,7,0.363636363636364,FALSE,4
4,A0A087SSM0,17.7231480518649,III_3_04,III_3,4,66,10,0.0909090909090909,FALSE,1
5,A0A087SSM0,17.6232562863731,III_3_05,III_3,5,66,10,0.0909090909090909,FALSE,1
6,A0A087SSM0,17.7794710563111,III_3_06,III_3,6,66,11,0,FALSE,0
7,A0A087SSM0,17.9616581887624,I_3_01,I_3,1,66,7,0.363636363636364,FALSE,4
8,A0A087SSM0,17.9947657448171,I_3_02,I_3,2,66,10,0.0909090909090909,FALSE,1
9,A0A087SSM0,17.5125412722301,I_3_03,I_3,3,66,9,0.181818181818182,FALSE,2
10,A0A087SSM0,17.4859077166306,I_3_04,I_3,4,66,10,0.0909090909090909,FALSE,1
11,A0A087SSM0,17.4211979966724,I_3_05,I_3,5,66,8,0.272727272727273,FALSE,3
12,A0A087SSM0,17.3300147694888,I_3_06,I_3,6,66,7,0.363636363636364,FALSE,4
13,A0A087SSM0,17.2685723223436,LZ5_01,LZ5,1,55,10,0.0909090909090909,FALSE,1
14,A0A087SSM0,17.1454232185786,LZ5_02,LZ5,2,55,8,0.272727272727273,FALSE,3
15,A0A087SSM0,17.0751732727333,LZ5_04,LZ5,4,55,9,0.181818181818182,FALSE,2
16,A0A087SSM0,17.1646825503935,LZ5_05,LZ5,5,55,8,0.272727272727273,FALSE,3
17,A0A087SSM0,17.0107610546052,LZ5_06,LZ5,6,55,9,0.181818181818182,FALSE,2
1,A0A087ST26;E1Z453;A0A087SDN5,18.692138701554,III_3_01,III_3,1,18,2,0.333333333333333,FALSE,1
2,A0A087ST26;E1Z453;A0A087SDN5,18.3285687774964,III_3_02,III_3,2,18,2,0.333333333333333,FALSE,1
3,A0A087ST26;E1Z453;A0A087SDN5,18.5094523418978,III_3_03,III_3,3,18,3,0,FALSE,0
4,A0A087ST26;E1Z453;A0A087SDN5,18.7618933424253,III_3_04,III_3,4,18,2,0.333333333333333,FALSE,1
5,A0A087ST26;E1Z453;A0A087SDN5,18.3281846248225,III_3_05,III_3,5,18,3,0,FALSE,0
6,A0A087ST26;E1Z453;A0A087SDN5,18.8453281040835,III_3_06,III_3,6,18,3,0,FALSE,0
7,A0A087ST26;E1Z453;A0A087SDN5,18.1607669615816,I_3_01,I_3,1,18,1,0.666666666666667,TRUE,2
8,A0A087ST26;E1Z453;A0A087SDN5,17.9640778530964,I_3_02,I_3,2,18,1,0.666666666666667,TRUE,2
9,A0A087ST26;E1Z453;A0A087SDN5,17.9647308158564,I_3_03,I_3,3,18,1,0.666666666666667,TRUE,2
10,A0A087ST26;E1Z453;A0A087SDN5,17.7481087304138,I_3_04,I_3,4,18,1,0.666666666666667,TRUE,2
12,A0A087ST26;E1Z453;A0A087SDN5,17.4664179908393,I_3_06,I_3,6,18,1,0.666666666666667,TRUE,2
13,A0A087ST26;E1Z453;A0A087SDN5,17.59789844566,LZ5_01,LZ5,1,15,1,0.666666666666667,TRUE,2
15,A0A087ST26;E1Z453;A0A087SDN5,17.6789557445138,LZ5_04,LZ5,4,15,1,0.666666666666667,TRUE,2
16,A0A087ST26;E1Z453;A0A087SDN5,17.3610132323832,LZ5_05,LZ5,5,15,1,0.666666666666667,TRUE,2
17,A0A087ST26;E1Z453;A0A087SDN5,17.6121549916824,LZ5_06,LZ5,6,15,1,0.666666666666667,TRUE,2
1,A0A087STM2;E1Z2U6;E1ZND4,17.5279201484169,III_3_01,III_3,1,12,1,0.5,TRUE,1
2,A0A087STM2;E1Z2U6;E1ZND4,17.2240520458146,III_3_02,III_3,2,12,1,0.5,TRUE,1
3,A0A087STM2;E1Z2U6;E1ZND4,17.3659077944124,III_3_03,III_3,3,12,1,0.5,TRUE,1
4,A0A087STM2;E1Z2U6;E1ZND4,17.2255919250652,III_3_04,III_3,4,12,1,0.5,TRUE,1
5,A0A087STM2;E1Z2U6;E1ZND4,17.5767822085187,III_3_05,III_3,5,12,1,0.5,TRUE,1
6,A0A087STM2;E1Z2U6;E1ZND4,17.0435330347989,III_3_06,III_3,6,12,1,0.5,TRUE,1
7,A0A087STM2;E1Z2U6;E1ZND4,18.5585039688602,I_3_01,I_3,1,12,2,0,FALSE,0
8,A0A087STM2;E1Z2U6;E1ZND4,17.9905500553026,I_3_02,I_3,2,12,2,0,FALSE,0
9,A0A087STM2;E1Z2U6;E1ZND4,18.293161293461,I_3_03,I_3,3,12,1,0.5,TRUE,1
10,A0A087STM2;E1Z2U6;E1ZND4,17.9668781185905,I_3_04,I_3,4,12,2,0,FALSE,0
11,A0A087STM2;E1Z2U6;E1ZND4,18.0314099739845,I_3_05,I_3,5,12,2,0,FALSE,0
12,A0A087STM2;E1Z2U6;E1ZND4,17.6706816407777,I_3_06,I_3,6,12,2,0,FALSE,0
13,A0A087STM2;E1Z2U6;E1ZND4,17.3013857250866,LZ5_01,LZ5,1,10,2,0,FALSE,0
14,A0A087STM2;E1Z2U6;E1ZND4,17.3770953385731,LZ5_02,LZ5,2,10,2,0,FALSE,0
15,A0A087STM2;E1Z2U6;E1ZND4,17.1400680948186,LZ5_04,LZ5,4,10,2,0,FALSE,0
16,A0A087STM2;E1Z2U6;E1ZND4,17.4506639007689,LZ5_05,LZ5,5,10,2,0,FALSE,0
17,A0A087STM2;E1Z2U6;E1ZND4,17.1240953473553,LZ5_06,LZ5,6,10,2,0,FALSE,0
1,E1Z342;A0A087SQJ2,16.3880774623865,III_3_01,III_3,1,24,3,0.25,FALSE,1
2,E1Z342;A0A087SQJ2,15.5734373576703,III_3_02,III_3,2,24,1,0.75,TRUE,3
3,E1Z342;A0A087SQJ2,15.4882067953131,III_3_03,III_3,3,24,1,0.75,TRUE,3
4,E1Z342;A0A087SQJ2,15.9787299986171,III_3_04,III_3,4,24,2,0.5,TRUE,2
5,E1Z342;A0A087SQJ2,15.1814962459269,III_3_05,III_3,5,24,1,0.75,TRUE,3
6,E1Z342;A0A087SQJ2,15.7494683302468,III_3_06,III_3,6,24,2,0.5,TRUE,2
7,E1Z342;A0A087SQJ2,17.1617515840159,I_3_01,I_3,1,24,3,0.25,FALSE,1
8,E1Z342;A0A087SQJ2,17.5856129578162,I_3_02,I_3,2,24,3,0.25,FALSE,1
9,E1Z342;A0A087SQJ2,17.1097914024329,I_3_03,I_3,3,24,3,0.25,FALSE,1
10,E1Z342;A0A087SQJ2,16.6318961600103,I_3_04,I_3,4,24,3,0.25,FALSE,1
11,E1Z342;A0A087SQJ2,16.7369343470844,I_3_05,I_3,5,24,3,0.25,FALSE,1
12,E1Z342;A0A087SQJ2,16.6279062058588,I_3_06,I_3,6,24,3,0.25,FALSE,1
13,E1Z342;A0A087SQJ2,16.3398220676086,LZ5_01,LZ5,1,20,2,0.5,TRUE,2
14,E1Z342;A0A087SQJ2,16.3881322581721,LZ5_02,LZ5,2,20,2,0.5,TRUE,2
15,E1Z342;A0A087SQJ2,15.8058872137366,LZ5_04,LZ5,4,20,1,0.75,TRUE,3
16,E1Z342;A0A087SQJ2,16.1121211148104,LZ5_05,LZ5,5,20,2,0.5,TRUE,2
17,E1Z342;A0A087SQJ2,15.7420328362658,LZ5_06,LZ5,6,20,1,0.75,TRUE,3
7,E1Z5A0,17.4706989251882,I_3_01,I_3,1,12,2,0,FALSE,0
8,E1Z5A0,17.1668852348137,I_3_02,I_3,2,12,1,0.5,TRUE,1
9,E1Z5A0,17.4009114528393,I_3_03,I_3,3,12,1,0.5,TRUE,1
10,E1Z5A0,17.0800562784212,I_3_04,I_3,4,12,1,0.5,TRUE,1
11,E1Z5A0,17.1235086430601,I_3_05,I_3,5,12,1,0.5,TRUE,1
12,E1Z5A0,16.9973691691881,I_3_06,I_3,6,12,1,0.5,TRUE,1
13,E1Z5A0,17.3779818808232,LZ5_01,LZ5,1,10,2,0,FALSE,0
14,E1Z5A0,17.5420924384053,LZ5_02,LZ5,2,10,2,0,FALSE,0
15,E1Z5A0,16.8036648945866,LZ5_04,LZ5,4,10,1,0.5,TRUE,1
16,E1Z5A0,17.4772140905187,LZ5_05,LZ5,5,10,2,0,FALSE,0
17,E1Z5A0,16.9543319502812,LZ5_06,LZ5,6,10,1,0.5,TRUE,1
1,E1Z5J4;A0A087SDS7,15.7020892221275,III_3_01,III_3,1,12,1,0.5,TRUE,1
2,E1Z5J4;A0A087SDS7,16.5078829945469,III_3_02,III_3,2,12,2,0,FALSE,0
4,E1Z5J4;A0A087SDS7,15.1833519786567,III_3_04,III_3,4,12,1,0.5,TRUE,1
5,E1Z5J4;A0A087SDS7,16.031970946529,III_3_05,III_3,5,12,1,0.5,TRUE,1
6,E1Z5J4;A0A087SDS7,16.3161564531889,III_3_06,III_3,6,12,2,0,FALSE,0
10,E1Z5J4;A0A087SDS7,16.8627369663697,I_3_04,I_3,4,12,1,0.5,TRUE,1
12,E1Z5J4;A0A087SDS7,16.6728832594348,I_3_06,I_3,6,12,1,0.5,TRUE,1
13,E1Z5J4;A0A087SDS7,17.6867008974499,LZ5_01,LZ5,1,10,2,0,FALSE,0
14,E1Z5J4;A0A087SDS7,16.3025684688604,LZ5_02,LZ5,2,10,1,0.5,TRUE,1
16,E1Z5J4;A0A087SDS7,17.3835880800851,LZ5_05,LZ5,5,10,2,0,FALSE,0
17,E1Z5J4;A0A087SDS7,16.925958839264,LZ5_06,LZ5,6,10,1,0.5,TRUE,1
1,E1Z5R3;A0A087ST05,15.7487936693998,III_3_01,III_3,1,30,2,0.6,TRUE,3
2,E1Z5R3;A0A087ST05,15.6602506651049,III_3_02,III_3,2,30,2,0.6,TRUE,3
3,E1Z5R3;A0A087ST05,15.669401706182,III_3_03,III_3,3,30,2,0.6,TRUE,3
4,E1Z5R3;A0A087ST05,15.4838648892816,III_3_04,III_3,4,30,2,0.6,TRUE,3
5,E1Z5R3;A0A087ST05,15.2463124282062,III_3_05,III_3,5,30,1,0.8,TRUE,4
6,E1Z5R3;A0A087ST05,15.5397117419548,III_3_06,III_3,6,30,2,0.6,TRUE,3
7,E1Z5R3;A0A087ST05,16.477395413618,I_3_01,I_3,1,30,3,0.4,FALSE,2
8,E1Z5R3;A0A087ST05,17.1051586378532,I_3_02,I_3,2,30,4,0.2,FALSE,1
9,E1Z5R3;A0A087ST05,17.2153375306689,I_3_03,I_3,3,30,3,0.4,FALSE,2
10,E1Z5R3;A0A087ST05,17.2332027702097,I_3_04,I_3,4,30,4,0.2,FALSE,1
11,E1Z5R3;A0A087ST05,16.8393257735811,I_3_05,I_3,5,30,3,0.4,FALSE,2
12,E1Z5R3;A0A087ST05,16.4086027402529,I_3_06,I_3,6,30,3,0.4,FALSE,2
13,E1Z5R3;A0A087ST05,15.9552480849262,LZ5_01,LZ5,1,25,3,0.4,FALSE,2
14,E1Z5R3;A0A087ST05,15.6931232695777,LZ5_02,LZ5,2,25,2,0.6,TRUE,3
15,E1Z5R3;A0A087ST05,14.9355190439688,LZ5_04,LZ5,4,25,1,0.8,TRUE,4
16,E1Z5R3;A0A087ST05,16.2059197071773,LZ5_05,LZ5,5,25,3,0.4,FALSE,2
17,E1Z5R3;A0A087ST05,15.7740765317898,LZ5_06,LZ5,6,25,2,0.6,TRUE,3
1,E1Z5R4;D2WS85,15.220989508371,III_3_01,III_3,1,18,1,0.666666666666667,TRUE,2
4,E1Z5R4;D2WS85,15.548305202241,III_3_04,III_3,4,18,1,0.666666666666667,TRUE,2
5,E1Z5R4;D2WS85,15.7199394625614,III_3_05,III_3,5,18,1,0.666666666666667,TRUE,2
9,E1Z5R4;D2WS85,15.4165517138287,I_3_03,I_3,3,18,1,0.666666666666667,TRUE,2
11,E1Z5R4;D2WS85,15.9373686066135,I_3_05,I_3,5,18,1,0.666666666666667,TRUE,2
13,E1Z5R4;D2WS85,16.5142784551735,LZ5_01,LZ5,1,15,2,0.333333333333333,FALSE,1
14,E1Z5R4;D2WS85,16.5982864250383,LZ5_02,LZ5,2,15,2,0.333333333333333,FALSE,1
15,E1Z5R4;D2WS85,16.5567772721627,LZ5_04,LZ5,4,15,2,0.333333333333333,FALSE,1
7,E1Z8N4,16.5929512684521,I_3_01,I_3,1,12,2,0,FALSE,0
10,E1Z8N4,15.4747253256632,I_3_04,I_3,4,12,1,0.5,TRUE,1
13,E1Z8N4,16.2859332735941,LZ5_01,LZ5,1,10,2,0,FALSE,0
14,E1Z8N4,16.1998436145297,LZ5_02,LZ5,2,10,1,0.5,TRUE,1
15,E1Z8N4,15.7913460381442,LZ5_04,LZ5,4,10,1,0.5,TRUE,1
16,E1Z8N4,15.1104024773714,LZ5_05,LZ5,5,10,1,0.5,TRUE,1
1,E1ZCI5,19.2235492532335,III_3_01,III_3,1,18,3,0,FALSE,0
2,E1ZCI5,18.8612722913809,III_3_02,III_3,2,18,3,0,FALSE,0
3,E1ZCI5,18.493071191623,III_3_03,III_3,3,18,3,0,FALSE,0
4,E1ZCI5,18.7968185604524,III_3_04,III_3,4,18,3,0,FALSE,0
5,E1ZCI5,18.4293110006962,III_3_05,III_3,5,18,3,0,FALSE,0
6,E1ZCI5,18.7640054441081,III_3_06,III_3,6,18,3,0,FALSE,0
7,E1ZCI5,18.2544065228405,I_3_01,I_3,1,18,3,0,FALSE,0
8,E1ZCI5,18.2528894889876,I_3_02,I_3,2,18,3,0,FALSE,0
9,E1ZCI5,18.1775879263335,I_3_03,I_3,3,18,3,0,FALSE,0
10,E1ZCI5,18.0365635133104,I_3_04,I_3,4,18,3,0,FALSE,0
11,E1ZCI5,18.7317924229068,I_3_05,I_3,5,18,3,0,FALSE,0
12,E1ZCI5,18.3067755125426,I_3_06,I_3,6,18,3,0,FALSE,0
13,E1ZCI5,18.8988591849457,LZ5_01,LZ5,1,15,3,0,FALSE,0
14,E1ZCI5,18.753131518327,LZ5_02,LZ5,2,15,3,0,FALSE,0
15,E1ZCI5,18.7782028849451,LZ5_04,LZ5,4,15,3,0,FALSE,0
16,E1ZCI5,18.2143114270668,LZ5_05,LZ5,5,15,3,0,FALSE,0
17,E1ZCI5,19.1104854713573,LZ5_06,LZ5,6,15,3,0,FALSE,0
7,E1ZD41;A0A087SNS8,16.18299503631,I_3_01,I_3,1,18,1,0.666666666666667,TRUE,2
8,E1ZD41;A0A087SNS8,16.0122202387217,I_3_02,I_3,2,18,2,0.333333333333333,FALSE,1
10,E1ZD41;A0A087SNS8,15.6611599063269,I_3_04,I_3,4,18,1,0.666666666666667,TRUE,2
11,E1ZD41;A0A087SNS8,16.2292648062022,I_3_05,I_3,5,18,2,0.333333333333333,FALSE,1
12,E1ZD41;A0A087SNS8,15.5350070183277,I_3_06,I_3,6,18,1,0.666666666666667,TRUE,2
13,E1ZD41;A0A087SNS8,17.6469708243614,LZ5_01,LZ5,1,15,2,0.333333333333333,FALSE,1
14,E1ZD41;A0A087SNS8,17.0893697439255,LZ5_02,LZ5,2,15,2,0.333333333333333,FALSE,1
15,E1ZD41;A0A087SNS8,17.7133164364323,LZ5_04,LZ5,4,15,2,0.333333333333333,FALSE,1
16,E1ZD41;A0A087SNS8,17.0809567713717,LZ5_05,LZ5,5,15,2,0.333333333333333,FALSE,1
17,E1ZD41;A0A087SNS8,17.232318522079,LZ5_06,LZ5,6,15,2,0.333333333333333,FALSE,1
1,E1ZFZ5;A0A087SET4;E1Z7M2,16.1527030556609,III_3_01,III_3,1,12,1,0.5,TRUE,1
2,E1ZFZ5;A0A087SET4;E1Z7M2,15.592775372314,III_3_02,III_3,2,12,1,0.5,TRUE,1
4,E1ZFZ5;A0A087SET4;E1Z7M2,15.3000476358757,III_3_04,III_3,4,12,1,0.5,TRUE,1
5,E1ZFZ5;A0A087SET4;E1Z7M2,16.240123419811,III_3_05,III_3,5,12,1,0.5,TRUE,1
6,E1ZFZ5;A0A087SET4;E1Z7M2,15.9607295067671,III_3_06,III_3,6,12,1,0.5,TRUE,1
13,E1ZFZ5;A0A087SET4;E1Z7M2,17.325908919049,LZ5_01,LZ5,1,10,2,0,FALSE,0
14,E1ZFZ5;A0A087SET4;E1Z7M2,17.1617579490261,LZ5_02,LZ5,2,10,2,0,FALSE,0
15,E1ZFZ5;A0A087SET4;E1Z7M2,16.9329694089733,LZ5_04,LZ5,4,10,1,0.5,TRUE,1
16,E1ZFZ5;A0A087SET4;E1Z7M2,17.2290820978352,LZ5_05,LZ5,5,10,2,0,FALSE,0
17,E1ZFZ5;A0A087SET4;E1Z7M2,17.2362447476115,LZ5_06,LZ5,6,10,2,0,FALSE,0
1,E1ZG37,16.1398782771204,III_3_01,III_3,1,18,1,0.666666666666667,TRUE,2
2,E1ZG37,16.0527242822367,III_3_02,III_3,2,18,1,0.666666666666667,TRUE,2
3,E1ZG37,16.0989536023524,III_3_03,III_3,3,18,1,0.666666666666667,TRUE,2
4,E1ZG37,16.0856169268264,III_3_04,III_3,4,18,1,0.666666666666667,TRUE,2
5,E1ZG37,16.0830971495753,III_3_05,III_3,5,18,1,0.666666666666667,TRUE,2
7,E1ZG37,16.9661661075428,I_3_01,I_3,1,18,2,0.333333333333333,FALSE,1
8,E1ZG37,16.987026430122,I_3_02,I_3,2,18,2,0.333333333333333,FALSE,1
9,E1ZG37,16.44149448607,I_3_03,I_3,3,18,2,0.333333333333333,FALSE,1
10,E1ZG37,16.9413541147102,I_3_04,I_3,4,18,3,0,FALSE,0
11,E1ZG37,16.5346820821205,I_3_05,I_3,5,18,2,0.333333333333333,FALSE,1
12,E1ZG37,16.4361292085305,I_3_06,I_3,6,18,2,0.333333333333333,FALSE,1
13,E1ZG37,17.7241085463925,LZ5_01,LZ5,1,15,3,0,FALSE,0
14,E1ZG37,17.3543782985266,LZ5_02,LZ5,2,15,3,0,FALSE,0
15,E1ZG37,17.4517692905226,LZ5_04,LZ5,4,15,3,0,FALSE,0
16,E1ZG37,17.0412948268004,LZ5_05,LZ5,5,15,2,0.333333333333333,FALSE,1
17,E1ZG37,17.6136035332094,LZ5_06,LZ5,6,15,2,0.333333333333333,FALSE,1
1,E1ZGA3,16.744021026412,III_3_01,III_3,1,12,2,0,FALSE,0
2,E1ZGA3,16.9737313085798,III_3_02,III_3,2,12,2,0,FALSE,0
3,E1ZGA3,16.1581419136735,III_3_03,III_3,3,12,1,0.5,TRUE,1
4,E1ZGA3,16.674735130671,III_3_04,III_3,4,12,1,0.5,TRUE,1
5,E1ZGA3,16.2118869960473,III_3_05,III_3,5,12,1,0.5,TRUE,1
7,E1ZGA3,16.7394323249485,I_3_01,I_3,1,12,1,0.5,TRUE,1
11,E1ZGA3,16.708420321728,I_3_05,I_3,5,12,1,0.5,TRUE,1
12,E1ZGA3,16.6187673118885,I_3_06,I_3,6,12,1,0.5,TRUE,1
13,E1ZGA3,17.4670005614694,LZ5_01,LZ5,1,10,2,0,FALSE,0
14,E1ZGA3,16.7527719408727,LZ5_02,LZ5,2,10,1,0.5,TRUE,1
15,E1ZGA3,17.9479298543967,LZ5_04,LZ5,4,10,2,0,FALSE,0
16,E1ZGA3,17.1224643100755,LZ5_05,LZ5,5,10,2,0,FALSE,0
17,E1ZGA3,17.3687975206727,LZ5_06,LZ5,6,10,2,0,FALSE,0
1,E1ZI50;A0A087SA15,16.9362292342043,III_3_01,III_3,1,36,2,0.666666666666667,TRUE,4
2,E1ZI50;A0A087SA15,17.7635728141362,III_3_02,III_3,2,36,4,0.333333333333333,FALSE,2
3,E1ZI50;A0A087SA15,17.1206453164265,III_3_03,III_3,3,36,2,0.666666666666667,TRUE,4
4,E1ZI50;A0A087SA15,17.4731909495719,III_3_04,III_3,4,36,5,0.166666666666667,FALSE,1
5,E1ZI50;A0A087SA15,17.4937046915113,III_3_05,III_3,5,36,5,0.166666666666667,FALSE,1
6,E1ZI50;A0A087SA15,17.3454789812584,III_3_06,III_3,6,36,3,0.5,TRUE,3
7,E1ZI50;A0A087SA15,18.3567640281097,I_3_01,I_3,1,36,5,0.166666666666667,FALSE,1
8,E1ZI50;A0A087SA15,18.107767944928,I_3_02,I_3,2,36,5,0.166666666666667,FALSE,1
9,E1ZI50;A0A087SA15,17.5611718103229,I_3_03,I_3,3,36,4,0.333333333333333,FALSE,2
10,E1ZI50;A0A087SA15,18.0203293069368,I_3_04,I_3,4,36,4,0.333333333333333,FALSE,2
11,E1ZI50;A0A087SA15,17.8368451471441,I_3_05,I_3,5,36,5,0.166666666666667,FALSE,1
12,E1ZI50;A0A087SA15,17.6306026879594,I_3_06,I_3,6,36,4,0.333333333333333,FALSE,2
13,E1ZI50;A0A087SA15,17.4906965930947,LZ5_01,LZ5,1,30,4,0.333333333333333,FALSE,2
14,E1ZI50;A0A087SA15,17.8950849840854,LZ5_02,LZ5,2,30,4,0.333333333333333,FALSE,2
15,E1ZI50;A0A087SA15,18.5808179357667,LZ5_04,LZ5,4,30,6,0,FALSE,0
16,E1ZI50;A0A087SA15,18.0049661739145,LZ5_05,LZ5,5,30,5,0.166666666666667,FALSE,1
17,E1ZI50;A0A087SA15,18.2427046418192,LZ5_06,LZ5,6,30,5,0.166666666666667,FALSE,1
1,E1ZIV3,17.7615927127838,III_3_01,III_3,1,12,1,0.5,TRUE,1
2,E1ZIV3,17.898588765952,III_3_02,III_3,2,12,1,0.5,TRUE,1
3,E1ZIV3,17.212449075439,III_3_03,III_3,3,12,1,0.5,TRUE,1
4,E1ZIV3,17.7105689182507,III_3_04,III_3,4,12,1,0.5,TRUE,1
5,E1ZIV3,17.7189298432652,III_3_05,III_3,5,12,1,0.5,TRUE,1
6,E1ZIV3,17.6079605935852,III_3_06,III_3,6,12,1,0.5,TRUE,1
7,E1ZIV3,18.6364421030129,I_3_01,I_3,1,12,2,0,FALSE,0
8,E1ZIV3,18.2158719958036,I_3_02,I_3,2,12,2,0,FALSE,0
9,E1ZIV3,18.454995450032,I_3_03,I_3,3,12,2,0,FALSE,0
10,E1ZIV3,17.9847787881725,I_3_04,I_3,4,12,2,0,FALSE,0
11,E1ZIV3,18.7155658789975,I_3_05,I_3,5,12,2,0,FALSE,0
12,E1ZIV3,18.1195022406678,I_3_06,I_3,6,12,2,0,FALSE,0
13,E1ZIV3,18.5287838262027,LZ5_01,LZ5,1,10,2,0,FALSE,0
14,E1ZIV3,18.339001625619,LZ5_02,LZ5,2,10,2,0,FALSE,0
15,E1ZIV3,18.7087595498262,LZ5_04,LZ5,4,10,2,0,FALSE,0
16,E1ZIV3,17.8860660399541,LZ5_05,LZ5,5,10,2,0,FALSE,0
17,E1ZIV3,18.4069599361022,LZ5_06,LZ5,6,10,2,0,FALSE,0
1,E1ZJM1;A0A087SA88;A0A087SEY3,17.7588129100825,III_3_01,III_3,1,30,4,0.2,FALSE,1
2,E1ZJM1;A0A087SA88;A0A087SEY3,17.7885505670509,III_3_02,III_3,2,30,3,0.4,FALSE,2
3,E1ZJM1;A0A087SA88;A0A087SEY3,17.6663596560462,III_3_03,III_3,3,30,3,0.4,FALSE,2
4,E1ZJM1;A0A087SA88;A0A087SEY3,17.8358127882725,III_3_04,III_3,4,30,4,0.2,FALSE,1
5,E1ZJM1;A0A087SA88;A0A087SEY3,17.8668064318045,III_3_05,III_3,5,30,3,0.4,FALSE,2
6,E1ZJM1;A0A087SA88;A0A087SEY3,17.4979582718058,III_3_06,III_3,6,30,3,0.4,FALSE,2
7,E1ZJM1;A0A087SA88;A0A087SEY3,18.4294767628127,I_3_01,I_3,1,30,4,0.2,FALSE,1
8,E1ZJM1;A0A087SA88;A0A087SEY3,18.960121171697,I_3_02,I_3,2,30,4,0.2,FALSE,1
9,E1ZJM1;A0A087SA88;A0A087SEY3,18.7097829872751,I_3_03,I_3,3,30,5,0,FALSE,0
10,E1ZJM1;A0A087SA88;A0A087SEY3,18.8821079247497,I_3_04,I_3,4,30,4,0.2,FALSE,1
11,E1ZJM1;A0A087SA88;A0A087SEY3,18.5979557955624,I_3_05,I_3,5,30,4,0.2,FALSE,1
12,E1ZJM1;A0A087SA88;A0A087SEY3,18.7491107945699,I_3_06,I_3,6,30,5,0,FALSE,0
13,E1ZJM1;A0A087SA88;A0A087SEY3,18.4984192196198,LZ5_01,LZ5,1,25,4,0.2,FALSE,1
14,E1ZJM1;A0A087SA88;A0A087SEY3,18.5350722239083,LZ5_02,LZ5,2,25,4,0.2,FALSE,1
15,E1ZJM1;A0A087SA88;A0A087SEY3,18.387610885486,LZ5_04,LZ5,4,25,4,0.2,FALSE,1
16,E1ZJM1;A0A087SA88;A0A087SEY3,18.820661798452,LZ5_05,LZ5,5,25,4,0.2,FALSE,1
17,E1ZJM1;A0A087SA88;A0A087SEY3,18.4180417442512,LZ5_06,LZ5,6,25,3,0.4,FALSE,2
1,E1ZK10,18.3791583447163,III_3_01,III_3,1,18,2,0.333333333333333,FALSE,1
2,E1ZK10,18.1830234895043,III_3_02,III_3,2,18,2,0.333333333333333,FALSE,1
3,E1ZK10,17.0018057967105,III_3_03,III_3,3,18,1,0.666666666666667,TRUE,2
4,E1ZK10,15.9745814551185,III_3_04,III_3,4,18,1,0.666666666666667,TRUE,2
6,E1ZK10,16.7197743092212,III_3_06,III_3,6,18,1,0.666666666666667,TRUE,2
7,E1ZK10,18.9873009691912,I_3_01,I_3,1,18,3,0,FALSE,0
8,E1ZK10,19.4770432352647,I_3_02,I_3,2,18,3,0,FALSE,0
9,E1ZK10,19.1004525786419,I_3_03,I_3,3,18,3,0,FALSE,0
10,E1ZK10,20.0156421877739,I_3_04,I_3,4,18,3,0,FALSE,0
11,E1ZK10,19.0261680493492,I_3_05,I_3,5,18,2,0.333333333333333,FALSE,1
12,E1ZK10,18.4900960711423,I_3_06,I_3,6,18,2,0.333333333333333,FALSE,1
13,E1ZK10,15.7890149383651,LZ5_01,LZ5,1,15,1,0.666666666666667,TRUE,2
1,E1ZK88,19.4821151784094,III_3_01,III_3,1,18,2,0.333333333333333,FALSE,1
2,E1ZK88,19.120896089033,III_3_02,III_3,2,18,2,0.333333333333333,FALSE,1
3,E1ZK88,19.8149325993638,III_3_03,III_3,3,18,2,0.333333333333333,FALSE,1
4,E1ZK88,19.0061034862022,III_3_04,III_3,4,18,2,0.333333333333333,FALSE,1
5,E1ZK88,19.0165242347062,III_3_05,III_3,5,18,2,0.333333333333333,FALSE,1
6,E1ZK88,19.1221800950759,III_3_06,III_3,6,18,2,0.333333333333333,FALSE,1
7,E1ZK88,19.3713342653619,I_3_01,I_3,1,18,3,0,FALSE,0
8,E1ZK88,19.5131648483664,I_3_02,I_3,2,18,3,0,FALSE,0
9,E1ZK88,19.2546406780897,I_3_03,I_3,3,18,3,0,FALSE,0
10,E1ZK88,19.0984979232967,I_3_04,I_3,4,18,2,0.333333333333333,FALSE,1
11,E1ZK88,19.1765491755245,I_3_05,I_3,5,18,3,0,FALSE,0
12,E1ZK88,19.2812856585588,I_3_06,I_3,6,18,3,0,FALSE,0
13,E1ZK88,18.0027820589294,LZ5_01,LZ5,1,15,3,0,FALSE,0
14,E1ZK88,18.3604185988952,LZ5_02,LZ5,2,15,3,0,FALSE,0
15,E1ZK88,17.5146086834151,LZ5_04,LZ5,4,15,3,0,FALSE,0
16,E1ZK88,17.7810968899137,LZ5_05,LZ5,5,15,2,0.333333333333333,FALSE,1
17,E1ZK88,17.9304533331757,LZ5_06,LZ5,6,15,3,0,FALSE,0
1,E1ZL24,16.2499060692547,III_3_01,III_3,1,18,1,0.666666666666667,TRUE,2
2,E1ZL24,16.0836546483754,III_3_02,III_3,2,18,1,0.666666666666667,TRUE,2
3,E1ZL24,15.3497153813377,III_3_03,III_3,3,18,1,0.666666666666667,TRUE,2
4,E1ZL24,15.7948600796131,III_3_04,III_3,4,18,1,0.666666666666667,TRUE,2
5,E1ZL24,16.2295842885955,III_3_05,III_3,5,18,1,0.666666666666667,TRUE,2
6,E1ZL24,15.6272531758647,III_3_06,III_3,6,18,1,0.666666666666667,TRUE,2
7,E1ZL24,17.3225103840209,I_3_01,I_3,1,18,3,0,FALSE,0
8,E1ZL24,17.2290152051429,I_3_02,I_3,2,18,3,0,FALSE,0
9,E1ZL24,17.5847182599055,I_3_03,I_3,3,18,3,0,FALSE,0
10,E1ZL24,16.9889569807011,I_3_04,I_3,4,18,3,0,FALSE,0
11,E1ZL24,17.0684009233982,I_3_05,I_3,5,18,3,0,FALSE,0
12,E1ZL24,16.1894447931873,I_3_06,I_3,6,18,2,0.333333333333333,FALSE,1
13,E1ZL24,15.4693521670388,LZ5_01,LZ5,1,15,1,0.666666666666667,TRUE,2
14,E1ZL24,15.4775348485345,LZ5_02,LZ5,2,15,1,0.666666666666667,TRUE,2
15,E1ZL24,15.2095796971141,LZ5_04,LZ5,4,15,1,0.666666666666667,TRUE,2
16,E1ZL24,15.5009976737503,LZ5_05,LZ5,5,15,1,0.666666666666667,TRUE,2
17,E1ZL24,15.7995211952157,LZ5_06,LZ5,6,15,1,0.666666666666667,TRUE,2
1,E1ZLA8;E1ZSG1;E1ZLE1,18.6055507608143,III_3_01,III_3,1,12,1,0.5,TRUE,1
2,E1ZLA8;E1ZSG1;E1ZLE1,18.895639299108,III_3_02,III_3,2,12,1,0.5,TRUE,1
3,E1ZLA8;E1ZSG1;E1ZLE1,17.6865442597676,III_3_03,III_3,3,12,1,0.5,TRUE,1
4,E1ZLA8;E1ZSG1;E1ZLE1,18.9064430738572,III_3_04,III_3,4,12,1,0.5,TRUE,1
5,E1ZLA8;E1ZSG1;E1ZLE1,18.8969148146011,III_3_05,III_3,5,12,1,0.5,TRUE,1
6,E1ZLA8;E1ZSG1;E1ZLE1,17.9608859323334,III_3_06,III_3,6,12,1,0.5,TRUE,1
7,E1ZLA8;E1ZSG1;E1ZLE1,20.0726540777321,I_3_01,I_3,1,12,2,0,FALSE,0
8,E1ZLA8;E1ZSG1;E1ZLE1,21.0216270318236,I_3_02,I_3,2,12,2,0,FALSE,0
9,E1ZLA8;E1ZSG1;E1ZLE1,20.597346331581,I_3_03,I_3,3,12,2,0,FALSE,0
10,E1ZLA8;E1ZSG1;E1ZLE1,20.2232642330426,I_3_04,I_3,4,12,2,0,FALSE,0
11,E1ZLA8;E1ZSG1;E1ZLE1,19.9578998384033,I_3_05,I_3,5,12,2,0,FALSE,0
12,E1ZLA8;E1ZSG1;E1ZLE1,20.1524931863064,I_3_06,I_3,6,12,2,0,FALSE,0
13,E1ZLA8;E1ZSG1;E1ZLE1,18.7303401720311,LZ5_01,LZ5,1,10,1,0.5,TRUE,1
14,E1ZLA8;E1ZSG1;E1ZLE1,18.4517029696595,LZ5_02,LZ5,2,10,1,0.5,TRUE,1
15,E1ZLA8;E1ZSG1;E1ZLE1,18.5807549714408,LZ5_04,LZ5,4,10,1,0.5,TRUE,1
16,E1ZLA8;E1ZSG1;E1ZLE1,18.9040625432184,LZ5_05,LZ5,5,10,1,0.5,TRUE,1
17,E1ZLA8;E1ZSG1;E1ZLE1,19.1682218130241,LZ5_06,LZ5,6,10,1,0.5,TRUE,1
1,E1ZLG3;A0A087SR78,17.9970984190782,III_3_01,III_3,1,12,2,0,FALSE,0
2,E1ZLG3;A0A087SR78,17.7072579371302,III_3_02,III_3,2,12,1,0.5,TRUE,1
3,E1ZLG3;A0A087SR78,16.6621018299856,III_3_03,III_3,3,12,1,0.5,TRUE,1
4,E1ZLG3;A0A087SR78,17.5995245515803,III_3_04,III_3,4,12,2,0,FALSE,0
5,E1ZLG3;A0A087SR78,17.3470732688414,III_3_05,III_3,5,12,1,0.5,TRUE,1
6,E1ZLG3;A0A087SR78,18.0671368114186,III_3_06,III_3,6,12,2,0,FALSE,0
7,E1ZLG3;A0A087SR78,17.8927551274259,I_3_01,I_3,1,12,1,0.5,TRUE,1
8,E1ZLG3;A0A087SR78,17.4814041123259,I_3_02,I_3,2,12,1,0.5,TRUE,1
9,E1ZLG3;A0A087SR78,17.31143408343,I_3_03,I_3,3,12,1,0.5,TRUE,1
10,E1ZLG3;A0A087SR78,17.660160455129,I_3_04,I_3,4,12,1,0.5,TRUE,1
11,E1ZLG3;A0A087SR78,17.1671034684772,I_3_05,I_3,5,12,1,0.5,TRUE,1
12,E1ZLG3;A0A087SR78,17.4717449196737,I_3_06,I_3,6,12,1,0.5,TRUE,1
13,E1ZLG3;A0A087SR78,18.0829730806153,LZ5_01,LZ5,1,10,2,0,FALSE,0
14,E1ZLG3;A0A087SR78,18.2688618881016,LZ5_02,LZ5,2,10,2,0,FALSE,0
15,E1ZLG3;A0A087SR78,17.8772438538717,LZ5_04,LZ5,4,10,2,0,FALSE,0
16,E1ZLG3;A0A087SR78,18.2581623430882,LZ5_05,LZ5,5,10,1,0.5,TRUE,1
17,E1ZLG3;A0A087SR78,17.248425287147,LZ5_06,LZ5,6,10,1,0.5,TRUE,1
1,E1ZMD2,16.8013984575115,III_3_01,III_3,1,12,2,0,FALSE,0
2,E1ZMD2,16.7766252535653,III_3_02,III_3,2,12,2,0,FALSE,0
3,E1ZMD2,17.0813818896355,III_3_03,III_3,3,12,1,0.5,TRUE,1
4,E1ZMD2,16.7236377713122,III_3_04,III_3,4,12,2,0,FALSE,0
5,E1ZMD2,17.1459642325293,III_3_05,III_3,5,12,2,0,FALSE,0
6,E1ZMD2,16.5880261836688,III_3_06,III_3,6,12,1,0.5,TRUE,1
1,E1ZMK4;A0A087SJK5,17.7545839868839,III_3_01,III_3,1,30,5,0,FALSE,0
2,E1ZMK4;A0A087SJK5,18.2563251827461,III_3_02,III_3,2,30,5,0,FALSE,0
3,E1ZMK4;A0A087SJK5,17.8962107118002,III_3_03,III_3,3,30,5,0,FALSE,0
4,E1ZMK4;A0A087SJK5,17.9131455977113,III_3_04,III_3,4,30,5,0,FALSE,0
5,E1ZMK4;A0A087SJK5,17.4990862353778,III_3_05,III_3,5,30,4,0.2,FALSE,1
6,E1ZMK4;A0A087SJK5,17.9330918335203,III_3_06,III_3,6,30,4,0.2,FALSE,1
7,E1ZMK4;A0A087SJK5,18.384245504802,I_3_01,I_3,1,30,5,0,FALSE,0
8,E1ZMK4;A0A087SJK5,17.7722315035294,I_3_02,I_3,2,30,3,0.4,FALSE,2
9,E1ZMK4;A0A087SJK5,18.12258323952,I_3_03,I_3,3,30,5,0,FALSE,0
10,E1ZMK4;A0A087SJK5,18.0835876014316,I_3_04,I_3,4,30,4,0.2,FALSE,1
11,E1ZMK4;A0A087SJK5,18.0285353199781,I_3_05,I_3,5,30,5,0,FALSE,0
12,E1ZMK4;A0A087SJK5,17.5749536226356,I_3_06,I_3,6,30,4,0.2,FALSE,1
13,E1ZMK4;A0A087SJK5,17.5112171933396,LZ5_01,LZ5,1,25,5,0,FALSE,0
14,E1ZMK4;A0A087SJK5,17.9772292506706,LZ5_02,LZ5,2,25,5,0,FALSE,0
15,E1ZMK4;A0A087SJK5,17.6610415497217,LZ5_04,LZ5,4,25,5,0,FALSE,0
16,E1ZMK4;A0A087SJK5,17.6803439022911,LZ5_05,LZ5,5,25,5,0,FALSE,0
17,E1ZMK4;A0A087SJK5,17.6054669591492,LZ5_06,LZ5,6,25,5,0,FALSE,0
1,E1ZQV2;E1ZU40;E1ZD71,18.0241614930734,III_3_01,III_3,1,48,4,0.5,TRUE,4
2,E1ZQV2;E1ZU40;E1ZD71,17.8774214078988,III_3_02,III_3,2,48,3,0.625,TRUE,5
3,E1ZQV2;E1ZU40;E1ZD71,17.7355074700436,III_3_03,III_3,3,48,3,0.625,TRUE,5
4,E1ZQV2;E1ZU40;E1ZD71,17.8405487343258,III_3_04,III_3,4,48,3,0.625,TRUE,5
5,E1ZQV2;E1ZU40;E1ZD71,18.0772972368913,III_3_05,III_3,5,48,3,0.625,TRUE,5
6,E1ZQV2;E1ZU40;E1ZD71,17.9000004544402,III_3_06,III_3,6,48,4,0.5,TRUE,4
7,E1ZQV2;E1ZU40;E1ZD71,18.7602948799665,I_3_01,I_3,1,48,8,0,FALSE,0
8,E1ZQV2;E1ZU40;E1ZD71,19.2675487993308,I_3_02,I_3,2,48,8,0,FALSE,0
9,E1ZQV2;E1ZU40;E1ZD71,19.0962250328729,I_3_03,I_3,3,48,8,0,FALSE,0
10,E1ZQV2;E1ZU40;E1ZD71,19.1442146060907,I_3_04,I_3,4,48,8,0,FALSE,0
11,E1ZQV2;E1ZU40;E1ZD71,18.7858299557284,I_3_05,I_3,5,48,7,0.125,FALSE,1
12,E1ZQV2;E1ZU40;E1ZD71,18.8428492615153,I_3_06,I_3,6,48,7,0.125,FALSE,1
13,E1ZQV2;E1ZU40;E1ZD71,17.6383109931812,LZ5_01,LZ5,1,40,3,0.625,TRUE,5
14,E1ZQV2;E1ZU40;E1ZD71,17.7892959590299,LZ5_02,LZ5,2,40,4,0.5,TRUE,4
15,E1ZQV2;E1ZU40;E1ZD71,17.3578777531059,LZ5_04,LZ5,4,40,3,0.625,TRUE,5
16,E1ZQV2;E1ZU40;E1ZD71,17.953579435133,LZ5_05,LZ5,5,40,5,0.375,FALSE,3
17,E1ZQV2;E1ZU40;E1ZD71,17.6520678129976,LZ5_06,LZ5,6,40,4,0.5,TRUE,4
1,E1ZQY4;A0A087SCT0,16.2665951218242,III_3_01,III_3,1,18,1,0.666666666666667,TRUE,2
2,E1ZQY4;A0A087SCT0,16.9893158735887,III_3_02,III_3,2,18,2,0.333333333333333,FALSE,1
3,E1ZQY4;A0A087SCT0,16.1749623364522,III_3_03,III_3,3,18,1,0.666666666666667,TRUE,2
4,E1ZQY4;A0A087SCT0,16.4067263140932,III_3_04,III_3,4,18,1,0.666666666666667,TRUE,2
5,E1ZQY4;A0A087SCT0,16.8359747963379,III_3_05,III_3,5,18,2,0.333333333333333,FALSE,1
6,E1ZQY4;A0A087SCT0,16.2332605380311,III_3_06,III_3,6,18,1,0.666666666666667,TRUE,2
7,E1ZQY4;A0A087SCT0,16.7414777468786,I_3_01,I_3,1,18,1,0.666666666666667,TRUE,2
13,E1ZQY4;A0A087SCT0,16.5770113117565,LZ5_01,LZ5,1,15,1,0.666666666666667,TRUE,2
14,E1ZQY4;A0A087SCT0,17.6097495445922,LZ5_02,LZ5,2,15,2,0.333333333333333,FALSE,1
15,E1ZQY4;A0A087SCT0,17.9785352278069,LZ5_04,LZ5,4,15,2,0.333333333333333,FALSE,1
16,E1ZQY4;A0A087SCT0,17.8718949823034,LZ5_05,LZ5,5,15,2,0.333333333333333,FALSE,1
17,E1ZQY4;A0A087SCT0,17.2920341144573,LZ5_06,LZ5,6,15,2,0.333333333333333,FALSE,1
1,E1ZRV3;A0A087SRM9,18.5421191873751,III_3_01,III_3,1,24,4,0,FALSE,0
2,E1ZRV3;A0A087SRM9,18.4400709771608,III_3_02,III_3,2,24,4,0,FALSE,0
3,E1ZRV3;A0A087SRM9,18.2931744349849,III_3_03,III_3,3,24,3,0.25,FALSE,1
4,E1ZRV3;A0A087SRM9,18.7939194926073,III_3_04,III_3,4,24,4,0,FALSE,0
5,E1ZRV3;A0A087SRM9,18.2590868788422,III_3_05,III_3,5,24,3,0.25,FALSE,1
6,E1ZRV3;A0A087SRM9,18.2719215879658,III_3_06,III_3,6,24,3,0.25,FALSE,1
7,E1ZRV3;A0A087SRM9,17.5137379035617,I_3_01,I_3,1,24,2,0.5,TRUE,2
8,E1ZRV3;A0A087SRM9,17.3162672701695,I_3_02,I_3,2,24,2,0.5,TRUE,2
9,E1ZRV3;A0A087SRM9,16.9208384653752,I_3_03,I_3,3,24,1,0.75,TRUE,3
10,E1ZRV3;A0A087SRM9,17.0529289911026,I_3_04,I_3,4,24,1,0.75,TRUE,3
11,E1ZRV3;A0A087SRM9,17.1862435514952,I_3_05,I_3,5,24,1,0.75,TRUE,3
12,E1ZRV3;A0A087SRM9,16.892270550856,I_3_06,I_3,6,24,1,0.75,TRUE,3
13,E1ZRV3;A0A087SRM9,17.5554951130749,LZ5_01,LZ5,1,20,1,0.75,TRUE,3
14,E1ZRV3;A0A087SRM9,17.484727559576,LZ5_02,LZ5,2,20,1,0.75,TRUE,3
15,E1ZRV3;A0A087SRM9,17.4750931556167,LZ5_04,LZ5,4,20,1,0.75,TRUE,3
16,E1ZRV3;A0A087SRM9,17.7801800463559,LZ5_05,LZ5,5,20,2,0.5,TRUE,2
17,E1ZRV3;A0A087SRM9,17.9592038745844,LZ5_06,LZ5,6,20,2,0.5,TRUE,2
1,E1ZSM6;A0A087SP31,16.8048204870135,III_3_01,III_3,1,12,1,0.5,TRUE,1
2,E1ZSM6;A0A087SP31,16.8899854432406,III_3_02,III_3,2,12,2,0,FALSE,0
3,E1ZSM6;A0A087SP31,15.8621119348417,III_3_03,III_3,3,12,1,0.5,TRUE,1
4,E1ZSM6;A0A087SP31,16.4695280200089,III_3_04,III_3,4,12,1,0.5,TRUE,1
5,E1ZSM6;A0A087SP31,16.7497078549177,III_3_05,III_3,5,12,2,0,FALSE,0
6,E1ZSM6;A0A087SP31,16.0321262417319,III_3_06,III_3,6,12,1,0.5,TRUE,1
7,E1ZSM6;A0A087SP31,16.2911775945376,I_3_01,I_3,1,12,1,0.5,TRUE,1
13,E1ZSM6;A0A087SP31,18.0926303855894,LZ5_01,LZ5,1,10,2,0,FALSE,0
14,E1ZSM6;A0A087SP31,17.0307542259261,LZ5_02,LZ5,2,10,2,0,FALSE,0
15,E1ZSM6;A0A087SP31,17.5218383245258,LZ5_04,LZ5,4,10,2,0,FALSE,0
16,E1ZSM6;A0A087SP31,17.0735398425391,LZ5_05,LZ5,5,10,1,0.5,TRUE,1
17,E1ZSM6;A0A087SP31,17.2009810444668,LZ5_06,LZ5,6,10,2,0,FALSE,0
1,E1ZT42;A0A087SME3,17.6172558009638,III_3_01,III_3,1,18,2,0.333333333333333,FALSE,1
2,E1ZT42;A0A087SME3,17.323925325449,III_3_02,III_3,2,18,2,0.333333333333333,FALSE,1
3,E1ZT42;A0A087SME3,17.3626021348274,III_3_03,III_3,3,18,2,0.333333333333333,FALSE,1
4,E1ZT42;A0A087SME3,17.54613474592,III_3_04,III_3,4,18,2,0.333333333333333,FALSE,1
5,E1ZT42;A0A087SME3,17.3608918561297,III_3_05,III_3,5,18,2,0.333333333333333,FALSE,1
6,E1ZT42;A0A087SME3,17.4859565345391,III_3_06,III_3,6,18,2,0.333333333333333,FALSE,1
7,E1ZT42;A0A087SME3,17.6390527501186,I_3_01,I_3,1,18,3,0,FALSE,0
8,E1ZT42;A0A087SME3,17.9947762271066,I_3_02,I_3,2,18,3,0,FALSE,0
9,E1ZT42;A0A087SME3,17.4626250959873,I_3_03,I_3,3,18,2,0.333333333333333,FALSE,1
10,E1ZT42;A0A087SME3,17.5375044888741,I_3_04,I_3,4,18,2,0.333333333333333,FALSE,1
11,E1ZT42;A0A087SME3,17.0751835229025,I_3_05,I_3,5,18,3,0,FALSE,0
12,E1ZT42;A0A087SME3,16.8120069524107,I_3_06,I_3,6,18,2,0.333333333333333,FALSE,1
13,E1ZT42;A0A087SME3,17.6066767964693,LZ5_01,LZ5,1,15,3,0,FALSE,0
14,E1ZT42;A0A087SME3,17.905767304379,LZ5_02,LZ5,2,15,2,0.333333333333333,FALSE,1
15,E1ZT42;A0A087SME3,17.7934207866804,LZ5_04,LZ5,4,15,3,0,FALSE,0
16,E1ZT42;A0A087SME3,17.7029238288567,LZ5_05,LZ5,5,15,2,0.333333333333333,FALSE,1
17,E1ZT42;A0A087SME3,17.6851310604429,LZ5_06,LZ5,6,15,2,0.333333333333333,FALSE,1
1,E1ZTB0;A0A087SCK3,22.2858200662398,III_3_01,III_3,1,12,2,0,FALSE,0
2,E1ZTB0;A0A087SCK3,22.0307570736841,III_3_02,III_3,2,12,2,0,FALSE,0
3,E1ZTB0;A0A087SCK3,22.1430898834997,III_3_03,III_3,3,12,2,0,FALSE,0
4,E1ZTB0;A0A087SCK3,21.9128024883372,III_3_04,III_3,4,12,2,0,FALSE,0
5,E1ZTB0;A0A087SCK3,22.1029348852418,III_3_05,III_3,5,12,2,0,FALSE,0
6,E1ZTB0;A0A087SCK3,22.023704406174,III_3_06,III_3,6,12,2,0,FALSE,0
7,E1ZTB0;A0A087SCK3,21.7483851072183,I_3_01,I_3,1,12,1,0.5,TRUE,1
8,E1ZTB0;A0A087SCK3,21.7268022645028,I_3_02,I_3,2,12,1,0.5,TRUE,1
9,E1ZTB0;A0A087SCK3,21.6776418950649,I_3_03,I_3,3,12,1,0.5,TRUE,1
10,E1ZTB0;A0A087SCK3,21.5911079118694,I_3_04,I_3,4,12,1,0.5,TRUE,1
11,E1ZTB0;A0A087SCK3,21.7131311594406,I_3_05,I_3,5,12,1,0.5,TRUE,1
12,E1ZTB0;A0A087SCK3,21.4485763479487,I_3_06,I_3,6,12,1,0.5,TRUE,1
13,E1ZTB0;A0A087SCK3,21.8109495220705,LZ5_01,LZ5,1,10,2,0,FALSE,0
14,E1ZTB0;A0A087SCK3,21.8535198538384,LZ5_02,LZ5,2,10,2,0,FALSE,0
15,E1ZTB0;A0A087SCK3,21.5658894863095,LZ5_04,LZ5,4,10,2,0,FALSE,0
16,E1ZTB0;A0A087SCK3,21.732275089375,LZ5_05,LZ5,5,10,2,0,FALSE,0
17,E1ZTB0;A0A087SCK3,21.9452433308417,LZ5_06,LZ5,6,10,2,0,FALSE,0
1,E1ZTE2;A0A087SPK2,17.0283161873797,III_3_01,III_3,1,18,2,0.333333333333333,FALSE,1
2,E1ZTE2;A0A087SPK2,16.9923805474768,III_3_02,III_3,2,18,2,0.333333333333333,FALSE,1
3,E1ZTE2;A0A087SPK2,16.182941484524,III_3_03,III_3,3,18,1,0.666666666666667,TRUE,2
4,E1ZTE2;A0A087SPK2,16.6780716675615,III_3_04,III_3,4,18,2,0.333333333333333,FALSE,1
5,E1ZTE2;A0A087SPK2,16.4317542809498,III_3_05,III_3,5,18,1,0.666666666666667,TRUE,2
6,E1ZTE2;A0A087SPK2,16.3656305306621,III_3_06,III_3,6,18,1,0.666666666666667,TRUE,2
7,E1ZTE2;A0A087SPK2,17.0224234488102,I_3_01,I_3,1,18,2,0.333333333333333,FALSE,1
8,E1ZTE2;A0A087SPK2,17.736557723986,I_3_02,I_3,2,18,3,0,FALSE,0
9,E1ZTE2;A0A087SPK2,17.0760741191839,I_3_03,I_3,3,18,3,0,FALSE,0
10,E1ZTE2;A0A087SPK2,17.2116946306582,I_3_04,I_3,4,18,3,0,FALSE,0
11,E1ZTE2;A0A087SPK2,16.5681324380674,I_3_05,I_3,5,18,2,0.333333333333333,FALSE,1
12,E1ZTE2;A0A087SPK2,16.6770240721127,I_3_06,I_3,6,18,2,0.333333333333333,FALSE,1
13,E1ZTE2;A0A087SPK2,16.2106479397385,LZ5_01,LZ5,1,15,1,0.666666666666667,TRUE,2
15,E1ZTE2;A0A087SPK2,16.3773456865907,LZ5_04,LZ5,4,15,1,0.666666666666667,TRUE,2
